key,0,1,2,3,4,5,6,7,8,9,10,11,12,13,14,15
#,UnlockType1,UnlockCriteria1[0],UnlockCriteria1[1],UnlockCriteria1[2],UnlockCriteria1[3],UnlockCriteria1[4],UnlockCriteria1[5],UnlockType2,UnlockCriteria2,UnlockCriteria3,UnlockCriteria4,PrerequisiteType,Prerequisite,UnlockHint,,
int32,byte,Row,Row,Row,Row,Row,Row,byte,Row,Row,Row,uint32,Row,BannerObtainHintType,byte,bit&01
0,0,,,,,,,0,,,,0,,"",0,False
1,10,,,,,,,1,,,,0,,"",0,False
2,5,"表情：咧嘴",,,,,,16,,,,0,,,51,False
3,5,"表情：沉思",,,,,,5,"演技教材·沉思",,,0,,,41,False
4,5,"表情：思索",,,,,,2,"拂晓的少年",,,0,,,43,False
5,5,"表情：忍耐",,,,,,2,"响彻于拂晓之声",,,0,,,43,False
6,5,"行东方礼",,,,,,2,"失去斗志的协助者",,,0,,,43,False
7,5,"打招呼",,,,,,2,"千里急报",,,0,,,43,False
8,5,"帝国式军礼",,,,,,2,"另一类军礼",,,0,,,41,False
9,5,"啦哩吼",,,,,,2," 啦哩吼！！",,,0,,,54,False
10,5,"准备战斗",,,,,,2,"命运的齿轮",,,0,,,42,False
11,5,"欢呼胜利",,,,,,2,"四国联合军演",,,0,,,42,False
12,5,"太棒了！",,,,,,2,"友人的微笑",,,0,,,52,False
13,5,"心意",,,,,,2,"三种至宝",,,0,,,0,False
14,5,"投掷",,,,,,2,"冬日的活动",,,0,,"",0,False
15,5,"托眼镜",,,,,,2,"匿名信疑云",,,0,,,52,False
16,5,"嘘",,,,,,2,"死斗至黎明",,,0,,,44,False
17,5,"踢踏舞",,,,,,2,"快乐的律动之舞",,,0,,,51,False
18,5,"丰饶之舞",,,,,,2,"为谁而舞",,,0,,,51,False
19,5,"宫廷之舞",,,,,,2,"舞女的梦想舞台",,,0,,,51,False
20,5,"绅士之舞",,,,,,2,"白发鬼",,,0,,,51,False
21,5,"绅士风度",,,,,,2,"随风而逝的结局",,,0,,,51,False
22,5,"太阳之舞",,,,,,2," 敬畏之人",,,0,,,47,False
23,5,"日月之舞",,,,,,2,"伊修加德的盟友们",,,0,,,47,False
24,5,"莫古莫古舞",,,,,,2," 击碎岩石的修复团！",,,0,,,47,False
25,5,"哼歌",,,,,,2,"朱色慕恋",,,0,,,53,False
26,5,"绅士舞步",,,,,,2,"最强的男人不会停歇",,,0,,,53,False
27,5,"练拳",,,,,,2,"冒险邀请",,,0,,,43,False
28,5,"深情拥抱",,,,,,2,"天长地久",,,0,,,0,True
29,5,"萨维奈舞",,,,,,16,,,,0,,,51,False
30,5,"黄金之舞",,,,,,16,,,,0,,,51,False
31,5,"蜜蜂之舞",,,,,,16,,,,0,,,51,False
32,5,"头痛",,,,,,19,,,,0,,,40,False
33,5,"害怕",,,,,,22,,,,0,,,43,False
34,5,"单膝跪地",,,,,,22,,,,0,,,43,False
35,5,"坚持主张",,,,,,18,,,,0,,,52,False
36,5,"吃面包",,,,,,18,,,,0,,,52,False
37,5,"吃饭团",,,,,,18,,,,0,,,52,False
38,5,"看书",,,,,,18,,,,0,,,52,False
39,5,"击掌",,,,,,18,,,,0,,,52,False
40,5,"背靠",,,,,,18,,,,0,,,52,False
41,5,"扫地",,,,,,18,,,,0,,,52,False
42,5,"大吃一惊",,,,,,16,,,,0,,,51,False
43,5,"好热",,,,,,20,,,,0,,,53,False
44,5,"巡视",,,,,,23,,,,0,,,54,False
45,5,"诅咒",,,,,,23,,,,0,,,54,False
46,5,"抱拳礼",,,,,,12,"演技教材·抱拳礼",,,0,,"",0,False
47,5,"表达爱意",,,,,,6,"演技教材·表达爱意",,,0,,"",0,False
48,5,"胜利欢呼",,,,,,6,"演技教材·胜利欢呼",,,0,,"",0,False
49,5,"灵光一现",,,,,,6,"演技教材·灵光一现",,,0,,"",0,False
50,5,"优雅仙人刺",,,,,,6,"演技教材·优雅仙人刺",,,0,,"",0,False
51,5,"干杯",,,,,,12,"演技教材·干杯",,,0,,"",0,False
52,5,"打响指",,,,,,12,"演技教材·打响指",,,0,,"",0,False
53,5,"花雨",,,,,,12,"演技教材·花雨",,,0,,"",0,False
54,5,"困惑",,,,,,6,"演技教材·困惑",,,0,,"",0,False
55,5,"神典石",,,,,,9,,,,0,,"",0,False
56,5,"后空翻",,,,,,12,"演技教材·后空翻",,,0,,"",0,False
57,5,"热身",,,,,,12,"演技教材·热身",,,0,,"",0,False
58,5,"撒娇",,,,,,12,"演技教材·撒娇",,,0,,"",0,False
59,5,"蓄力迸发",,,,,,12,"演技教材·蓄力迸发",,,0,,"",0,False
60,5,"练武",,,,,,12,"演技教材·练武",,,0,,"",0,False
61,5,"吃披萨",,,,,,12,"演技教材·吃披萨",,,0,,"",0,False
62,5,"吃水煮蛋",,,,,,6,"演技教材·吃水煮蛋",,,0,,"",0,False
63,5,"饮用红茶",,,,,,12,"演技教材·饮用红茶",,,0,,"",0,False
64,5,"疑问",,,,,,6,"演技教材·疑问",,,0,,"",0,False
65,5,"默剧",,,,,,12,"演技教材·默剧",,,0,,"",0,False
66,5,"火盆舞",,,,,,6,"演技教材·火盆舞",,,0,,"",0,False
67,5,"战队演武正红一式",,,,,,6,"演技教材·战队演武红一式",,,0,,"",0,False
68,5,"战队演武逆红一式",,,,,,6,"演技教材·战队演武红一式",,,0,,"",0,False
69,5,"战队演武正黑二式",,,,,,6,"演技教材·战队演武黑二式",,,0,,"",0,False
70,5,"战队演武逆黑二式",,,,,,6,"演技教材·战队演武黑二式",,,0,,"",0,False
71,5,"战队演武正黄三式",,,,,,6,"演技教材·战队演武黄三式",,,0,,"",0,False
72,5,"战队演武逆黄三式",,,,,,6,"演技教材·战队演武黄三式",,,0,,"",0,False
73,5,"东方传统舞蹈",,,,,,12,"演技教材·东方传统舞蹈",,,0,,"",0,False
74,5,"小黄莺之舞",,,,,,6,"演技教材·小黄莺之舞",,,0,,"",0,False
75,0,,,,,,,0,,,,0,,"",0,False
76,0,,,,,,,0,,,,0,,"",0,False
77,0,,,,,,,0,,,,0,,"",0,False
78,5,"方形步",,,,,,12,"演技教材·方形步",,,0,,"",0,False
79,5,"侧步",,,,,,12,"演技教材·侧步",,,0,,"",0,False
80,5,"幻想舞步",,,,,,12,"演技教材·幻想舞步",,,0,,"",0,False
81,5,"波波托步",,,,,,12,"演技教材·波波托步",,,0,,"",0,False
82,5,"趾踵步",,,,,,12,"演技教材·趾踵步",,,0,,"",0,False
83,5,"古菩步",,,,,,12,"演技教材·古菩步",,,0,,"",0,False
84,5,"嘿哟",,,,,,12,"演技教材·嘿哟",,,0,,"",0,False
85,5,"火焰之舞",,,,,,6,"演技教材·火焰之舞",,,0,,"",0,False
86,0,,,,,,,0,,,,0,,"",0,False
87,5,"展现右侧",,,,,,6,"演技教材·展现",,,0,,"",0,False
88,5,"展现左侧",,,,,,6,"演技教材·展现",,,0,,"",0,False
89,5,"斩铁剑",,,,,,12,"演技教材·斩铁剑",,,0,,"",0,True
90,5,"寒冰的幻想",,,,,,12,"演技教材·寒冰的幻想",,,0,,"",0,True
91,5,"百万核爆",,,,,,12,"演技教材·百万核爆",,,0,,"",0,False
92,5,"究极",,,,,,12,"演技教材·究极",,,0,,"",0,True
93,0,,,,,,,0,,,,0,,"",0,False
94,0,,,,,,,0,,,,0,,"",0,False
95,5,"振作精神",,,,,,7,"演技教材·振作精神",,,0,,"",0,False
96,5,"好冷",,,,,,7,"演技教材·好冷",,,0,,"",0,False
97,5,"说明计划",,,,,,7,"演技教材·说明计划",,,0,,"",0,False
98,5,"黑色陆行鸟之笔",,,,,,43,,,,0,,"",0,False
99,0,,,,,,,0,,,,0,,"",0,False
100,0,,,,,,,0,,,,0,,"",0,False
101,0,,,,,,,0,,,,0,,"",0,False
102,5,"确认",,,,,,43,,,,0,,"",0,False
103,5,"吃苹果",,,,,,7,"演技教材·吃苹果",,,0,,,52,False
104,5,"搓手",,,,,,7,"演技教材·搓手",,,0,,"",0,False
105,5,"祝祷",,,,,,17,,,,0,,,48,False
106,5,"魅惑拥抱",,,,,,17,,,,0,,,48,False
107,5,"胡鹰之舞",,,,,,17,,,,0,,,48,False
108,5,"啦哩吼舞",,,,,,17,,,,0,,,49,False
109,0,,,,,,,0,,,,0,,"",0,False
110,0,,,,,,,0,,,,0,,"",0,False
111,0,,,,,,,0,,,,0,,"",0,False
112,5,"对拳",,,,,,8,"演技教材·对拳",,,0,,"",0,True
113,5,"深蹲",,,,,,11,"可靠的队长1",,,0,,,51,False
114,5,"俯卧撑",,,,,,11,"可靠的队长1",,,0,,,51,False
115,5,"仰卧起坐",,,,,,11,"可靠的队长1",,,0,,,51,False
116,5,"深呼吸",,,,,,11,"可靠的队长1",,,0,,,51,False
117,5,"立正",,,,,,5,"演技教材·立正",,,0,,,41,False
118,5,"稍息",,,,,,5,"演技教材·稍息",,,0,,,41,False
119,5,"说明",,,,,,21,"ENpcBase#1005244","Level#4270098","演技教材·说明",0,,"",0,False
120,5,"干劲十足",,,,,,21,"ENpcBase#1038441","Level#9159882","演技教材·干劲十足",0,,"",0,False
121,5,"亮出武器",,,,,,16,,,,0,,,51,False
122,5,"收回武器",,,,,,16,,,,0,,,51,False
123,5,"提醒",,,,,,21,"ENpcBase#1005244","Level#4270098","演技教材·提醒",0,,"",0,False
124,9,,,,,,,21,"ENpcBase#1038441","Level#9159882","肖像教材：骑士",0,,"",0,False
125,9,,,,,,,21,"ENpcBase#1038441","Level#9159882","肖像教材：战士",0,,"",0,False
126,9,,,,,,,21,"ENpcBase#1038441","Level#9159882","肖像教材：暗黑骑士",0,,"",0,False
127,9,,,,,,,21,"ENpcBase#1038441","Level#9159882","肖像教材：绝枪战士",0,,"",0,False
128,9,,,,,,,21,"ENpcBase#1038441","Level#9159882","肖像教材：白魔法师",0,,"",0,False
129,9,,,,,,,21,"ENpcBase#1038441","Level#9159882","肖像教材：学者",0,,"",0,False
130,9,,,,,,,21,"ENpcBase#1038441","Level#9159882","肖像教材：占星术士",0,,"",0,False
131,9,,,,,,,21,"ENpcBase#1038441","Level#9159882","肖像教材：贤者",0,,"",0,False
132,9,,,,,,,21,"ENpcBase#1038441","Level#9159882","肖像教材：武僧",0,,"",0,False
133,9,,,,,,,21,"ENpcBase#1038441","Level#9159882","肖像教材：龙骑士",0,,"",0,False
134,9,,,,,,,21,"ENpcBase#1038441","Level#9159882","肖像教材：忍者",0,,"",0,False
135,9,,,,,,,21,"ENpcBase#1038441","Level#9159882","肖像教材：武士",0,,"",0,False
136,9,,,,,,,21,"ENpcBase#1038441","Level#9159882","肖像教材：钐镰客",0,,"",0,False
137,9,,,,,,,21,"ENpcBase#1038441","Level#9159882","肖像教材：吟游诗人",0,,"",0,False
138,9,,,,,,,21,"ENpcBase#1038441","Level#9159882","肖像教材：机工士",0,,"",0,False
139,9,,,,,,,21,"ENpcBase#1038441","Level#9159882","肖像教材：舞者",0,,"",0,False
140,9,,,,,,,21,"ENpcBase#1038441","Level#9159882","肖像教材：黑魔法师",0,,"",0,False
141,9,,,,,,,21,"ENpcBase#1038441","Level#9159882","肖像教材：召唤师",0,,"",0,False
142,9,,,,,,,21,"ENpcBase#1038441","Level#9159882","肖像教材：赤魔法师",0,,"",0,False
143,9,,,,,,,21,"ENpcBase#1038441","Level#9159882","肖像教材：星极队",0,,"",0,False
144,9,,,,,,,21,"ENpcBase#1038441","Level#9159882","肖像教材：灵极队",0,,"",0,False
145,9,,,,,,,11,"冲突的王者",,,0,,"",0,True
146,11,,,,,,,11,"冲突的勇者",,,0,,"",0,True
147,11,,,,,,,11,"冲突的获奖者",,,0,,"",0,True
148,11,,,,,,,13,"ENpcBase#1005417","Level#6245610",,0,,"",0,True
149,11,,,,,,,13,"ENpcBase#1005417","Level#6245610",,0,,"",0,True
150,11,,,,,,,13,"ENpcBase#1005417","Level#6245610",,0,,"",0,True
151,11,,,,,,,13,"ENpcBase#1005417","Level#6245610",,0,,"",0,True
152,11,,,,,,,13,"ENpcBase#1005417","Level#6245610",,0,,"",0,True
153,9,,,,,,,13,"ENpcBase#1005417","Level#6245610",,0,,"",0,True
154,2,,,,,,,9,,,,0,,"",0,False
155,2,,,,,,,10,,,,0,,"",0,False
156,1,"纳尔札尔双剑",,,,,,2,"纳尔札尔双剑",,,0,,,1,False
157,1,"斩断宿怨之日",,,,,,2,"斩断宿怨之日",,,0,,,2,False
158,1,"领悟自然",,,,,,2,"领悟自然",,,0,,,3,False
159,1,"拳圣",,,,,,2,"拳圣",,,0,,,4,False
160,1,"勇气的证明",,,,,,2,"勇气的证明",,,0,,,5,False
161,1,"触手可及的胜利",,,,,,2,"触手可及的胜利",,,0,,,6,False
162,1,"毫无迷惘的眼瞳",,,,,,2,"毫无迷惘的眼瞳",,,0,,,7,False
163,1,"胆小之人的勇气",,,,,,2,"胆小之人的勇气",,,0,,,8,False
164,1,"秘术最高级命题的证明",,,,,,2,"秘术最高级命题的证明",,,0,,,9,False
165,1,"自由骑士的誓约",,,,,,2,"自由骑士的誓约",,,0,,"",0,False
166,1,"责任与使命",,,,,,2,"责任与使命",,,0,,"",0,False
167,1,"来自深渊",,,,,,2,"来自深渊",,,0,,"",0,False
168,1,"成为绝枪战士",,,,,,2,"成为绝枪战士",,,0,,"",0,False
169,1,"伟人的后继者",,,,,,2,"伟人的后继者",,,0,,"",0,False
170,1,"被遗忘的学问",,,,,,2,"被遗忘的学问",,,0,,"",0,False
171,1,"通往天界之路",,,,,,2,"通往天界之路",,,0,,"",0,False
172,1,"贤者的誓词",,,,,,2,"贤者的誓词",,,0,,"",0,False
173,1,"亡国的雷鸣",,,,,,2,"亡国的雷鸣",,,0,,"",0,False
174,1,"龙眼",,,,,,2,"龙眼",,,0,,"",0,False
175,1,"月与影",,,,,,2,"月与影",,,0,,"",0,False
176,1,"武士之路",,,,,,2,"武士之路",,,0,,"",0,False
177,1,"何谓钐镰客",,,,,,2,"何谓钐镰客",,,0,,"",0,False
178,1,"诗与弓交织的旋律",,,,,,2,"诗与弓交织的旋律",,,0,,"",0,False
179,1,"工房救星",,,,,,2,"工房救星",,,0,,"",0,False
180,1,"舞者降临",,,,,,2,"舞者降临",,,0,,"",0,False
181,1,"罪人的低语，命运的神谕",,,,,,2,"罪人的低语，命运的神谕",,,0,,"",0,False
182,1,"业火的召唤",,,,,,2,"业火的召唤",,,0,,"",0,False
183,1,"成为赤魔法师",,,,,,2,"成为赤魔法师",,,0,,"",0,False
184,1,"自称青魔法师的男人",,,,,,2,"自称青魔法师的男人",,,0,,"",0,False
185,1,"高举骑士的圣剑",,,,,,2,"高举骑士的圣剑",,,0,,,21,False
186,1,"顶级战士",,,,,,2,"顶级战士",,,0,,,22,False
187,1,"英雄的幻影",,,,,,2,"英雄的幻影",,,0,,,23,False
188,1,"镇抚的仪式",,,,,,2,"镇抚的仪式",,,0,,,25,False
189,1,"新时代的学者",,,,,,2,"新时代的学者",,,0,,,26,False
190,1,"冰枪的试炼",,,,,,2,"冰枪的试炼",,,0,,,27,False
191,1,"废王的回归",,,,,,2,"废王的回归",,,0,,,29,False
192,1,"苍天之龙骑士",,,,,,2,"苍天之龙骑士",,,0,,,30,False
193,1,"师与徒",,,,,,2,"师与徒",,,0,,,31,False
194,1,"生命的赞歌",,,,,,2,"生命的赞歌",,,0,,,34,False
195,1,"赌上名誉的战斗",,,,,,2,"赌上名誉的战斗",,,0,,,35,False
196,1,"黑魔的引导，法师的真实",,,,,,2,"黑魔的引导，法师的真实",,,0,,,37,False
197,1,"邪道与正道",,,,,,2,"邪道与正道",,,0,,,38,False
198,1,"第二代蓝色假面",,,,,,2,"第二代蓝色假面",,,0,,,40,False
199,1,"真正的骑士",,,,,,2,"真正的骑士",,,0,,,21,False
200,1,"为保护一切的乱击",,,,,,2,"为保护一切的乱击",,,0,,,22,False
201,1,"消逝于云海间",,,,,,2,"消逝于云海间",,,0,,,23,False
202,1,"治愈之手",,,,,,2,"治愈之手",,,0,,,25,False
203,1,"新时代的海兵团",,,,,,2,"新时代的海兵团",,,0,,,26,False
204,1,"命运之手",,,,,,2,"命运之手",,,0,,,27,False
205,1,"力量与责任",,,,,,2,"力量与责任",,,0,,,29,False
206,1,"誓言与枪同在",,,,,,2,"誓言与枪同在",,,0,,,30,False
207,1,"雪与雨",,,,,,2,"雪与雨",,,0,,,31,False
208,1,"极恶之人木枯",,,,,,2,"极恶之人木枯",,,0,,,32,False
209,1,"终焉的战歌",,,,,,2,"终焉的战歌",,,0,,,34,False
210,1,"瞄准！我们的未来",,,,,,2,"瞄准！我们的未来",,,0,,,35,False
211,1,"破坏的烈焰，治愈的清流",,,,,,2,"破坏的烈焰，治愈的清流",,,0,,,37,False
212,1,"破除黑暗，绽放光明",,,,,,2,"破除黑暗，绽放光明",,,0,,,38,False
213,1,"最后的抗争",,,,,,2,"最后的抗争",,,0,,,39,False
214,1,"永别了，初代蓝色假面",,,,,,2,"永别了，初代蓝色假面",,,0,,,40,False
215,1,"为了更强",,,,,,2,"为了更强",,,0,,,21,False
216,1,"燃烧吧高吉",,,,,,2,"燃烧吧高吉",,,0,,,22,False
217,1,"再次相见",,,,,,2,"再次相见",,,0,,,23,False
218,1,"真正的绝枪战士",,,,,,2,"真正的绝枪战士",,,0,,,24,False
219,1,"角尊的宝贝",,,,,,2,"角尊的宝贝",,,0,,,25,False
220,1,"穿越时空的夙愿",,,,,,2,"穿越时空的夙愿",,,0,,,26,False
221,1,"天地交融",,,,,,2,"天地交融",,,0,,,27,False
222,1,"守护之力",,,,,,2,"守护之力",,,0,,,29,False
223,1,"红血之龙骑士",,,,,,2,"红血之龙骑士",,,0,,,30,False
224,1,"影隐忍法贴",,,,,,2,"影隐忍法贴",,,0,,,31,False
225,1,"决战龟甲岛",,,,,,2,"决战龟甲岛",,,0,,,32,False
226,1,"和平颂歌",,,,,,2,"和平颂歌",,,0,,,34,False
227,1,"认同彼此",,,,,,2,"认同彼此",,,0,,,35,False
228,1,"最精彩的演出",,,,,,2,"最精彩的演出",,,0,,,36,False
229,1,"通向未来的记忆",,,,,,2,"通向未来的记忆",,,0,,,37,False
230,1,"召唤师的使命",,,,,,2,"召唤师的使命",,,0,,,38,False
231,1,"抗争之力",,,,,,2,"抗争之力",,,0,,,39,False
232,1,"青魔法的未来",,,,,,2,"青魔法的未来",,,0,,,40,False
233,5,"神典石",,,,,,38,,,,0,,"",0,False
234,0,,,,,,,0,,,,0,,"",0,False
235,1,"你曾说过的话",,,,,,2,"你曾说过的话",,,0,,,0,False
236,1,"光荣的被驱逐者",,,,,,2,"光荣的被驱逐者",,,0,,,0,False
237,1,"不朽的搭档",,,,,,2,"不朽的搭档",,,0,,,0,False
238,1,"终于又能见到你了",,,,,,2,"终于又能见到你了",,,0,,,0,False
239,1,"未来之路",,,,,,2,"未来之路",,,0,,,0,False
240,1,"目送生者前行",,,,,,2,"目送生者前行",,,0,,,0,False
241,1,"驶向融合的巨轮",,,,,,2,"驶向融合的巨轮",,,0,,,0,False
242,1,"英魂安息",,,,,,2,"英魂安息",,,0,,,0,False
243,1,"仰望苍穹，不断迈进",,,,,,2,"仰望苍穹，不断迈进",,,0,,,0,False
244,1,"刻木匠贝亚坦师傅",,,,,,2,"刻木匠贝亚坦师傅",,,0,,"",0,False
245,1,"锻铁匠布瑞赛尔",,,,,,2,"锻铁匠布瑞赛尔",,,0,,"",0,False
246,1,"赫·纳恩萨首席造船师",,,,,,2,"赫·纳恩萨首席造船师",,,0,,"",0,False
247,1,"雕金少女赛伦蒂碧提",,,,,,2,"雕金少女赛伦蒂碧提",,,0,,"",0,False
248,1,"制革匠盖娃大姐",,,,,,2,"制革匠盖娃大姐",,,0,,"",0,False
249,1,"秀丽的裁衣匠雷多伦特·罗斯",,,,,,2,"秀丽的裁衣匠雷多伦特·罗斯",,,0,,"",0,False
250,1,"偏执的炼金术士塞文利安",,,,,,2,"偏执的炼金术士塞文利安",,,0,,"",0,False
251,1,"林格萨斯总厨师长",,,,,,2,"林格萨斯总厨师长",,,0,,"",0,False
252,1,"青出于蓝，进取不断",,,,,,2,"青出于蓝，进取不断",,,0,,,10,False
253,1,"铸入利剑中的心意",,,,,,2,"铸入利剑中的心意",,,0,,,11,False
254,1,"铸甲匠的信念",,,,,,2,"铸甲匠的信念",,,0,,,12,False
255,1,"起源的珍珠",,,,,,2,"起源的珍珠",,,0,,,13,False
256,1,"生命的光彩",,,,,,2,"生命的光彩",,,0,,,14,False
257,1,"恋爱战士的战斗服",,,,,,2,"恋爱战士的战斗服",,,0,,,15,False
258,1,"一瞬间的奇迹",,,,,,2,"一瞬间的奇迹",,,0,,,16,False
259,1,"美食家罗罗力特的复仇",,,,,,2,"美食家罗罗力特的复仇",,,0,,,17,False
260,1,"父与子的宿命",,,,,,2,"父与子的宿命",,,0,,,10,False
261,1,"名匠与英雄",,,,,,2,"名匠与英雄",,,0,,,11,False
262,1,"同伴的意义",,,,,,2,"同伴的意义",,,0,,,12,False
263,1,"结缘之物",,,,,,2,"结缘之物",,,0,,,13,False
264,1,"无尽的野心",,,,,,2,"无尽的野心",,,0,,,14,False
265,1,"母亲的秘密",,,,,,2,"母亲的秘密",,,0,,,15,False
266,1,"人心所向的结局",,,,,,2,"人心所向的结局",,,0,,,16,False
267,1,"待客之心",,,,,,2,"待客之心",,,0,,,17,False
268,1,"平等的茶会",,,,,,2,"平等的茶会",,,0,,,10,False
269,1,"雪花的挑战",,,,,,2,"雪花的挑战",,,0,,,11,False
270,1,"技术交流",,,,,,2,"技术交流",,,0,,,12,False
271,1,"女王的美梦",,,,,,2,"女王的美梦",,,0,,,13,False
272,1,"向生命致敬",,,,,,2,"向生命致敬",,,0,,,14,False
273,1,"翩翩天女的礼服",,,,,,2,"翩翩天女的礼服",,,0,,,15,False
274,1,"光阴无法磨灭的爱",,,,,,2,"光阴无法磨灭的爱",,,0,,,16,False
275,1,"真心的味道",,,,,,2,"真心的味道",,,0,,,17,False
276,1,"采矿工阿达尔博塔女士",,,,,,2,"采矿工阿达尔博塔女士",,,0,,"",0,False
277,1,"首席园艺工弗弗茶",,,,,,2,"首席园艺工弗弗茶",,,0,,"",0,False
278,1,"代理渔头希希蒲",,,,,,2,"代理渔头希希蒲",,,0,,"",0,False
279,1,"峡谷深处的阳光",,,,,,2,"峡谷深处的阳光",,,0,,,18,False
280,1,"希望的种子",,,,,,2,"希望的种子",,,0,,,19,False
281,1,"网仓大危机",,,,,,2,"网仓大危机",,,0,,,20,False
282,1,"再次踏上旅途",,,,,,2,"再次踏上旅途",,,0,,,18,False
283,1,"连载最终回«种子无国界»",,,,,,2,"连载最终回«种子无国界»",,,0,,,19,False
284,1,"最后的乐园",,,,,,2,"最后的乐园",,,0,,,20,False
285,1,"团结一心",,,,,,2,"团结一心",,,0,,,18,False
286,1,"她和她的菜园",,,,,,2,"她和她的菜园",,,0,,,19,False
287,1,"意外的收获",,,,,,2,"意外的收获",,,0,,,20,False
288,1,"黑铁工房",,,,,,2,"黑铁工房",,,0,,,0,False
289,1,"实录数据003“修复思念的工匠”",,,,,,2,"实录数据003“修复思念的工匠”",,,0,,,0,False
290,1,"治愈旧伤",,,,,,2,"治愈旧伤",,,0,,,0,False
291,1,"接近传说中的生物萨迈尔的真相！",,,,,,2,"接近传说中的生物萨迈尔的真相！",,,0,,,0,False
292,1,"水晶病的治疗方法",,,,,,2,"水晶病的治疗方法",,,0,,,0,False
293,1,"与古代的对话",,,,,,2,"与古代的对话",,,0,,,0,False
294,1,"约定的星星",,,,,,2,"约定的星星",,,0,,,0,False
295,1,"萨雷安的饮食文化",,,,,,2,"萨雷安的饮食文化",,,0,,,0,False
296,1,"美妙的结局",,,,,,2,"美妙的结局",,,0,,,0,False
297,1,"海港的未来",,,,,,2,"海港的未来",,,0,,,0,False
298,1,"金碟欢迎您",,,,,,2,"金碟欢迎您",,,0,,"",0,False
299,1,"消失在铜铃中的梦",,,,,,2,"消失在铜铃中的梦",,,0,,,41,False
300,1,"坚守之物",,,,,,2,"坚守之物",,,0,,,21,False
301,1,"战士归来",,,,,,2,"战士归来",,,0,,,22,False
302,1,"一往无前的孤高骑士",,,,,,2,"一往无前的孤高骑士",,,0,,,23,False
303,1,"另一位绝枪战士",,,,,,2,"另一位绝枪战士",,,0,,,24,False
304,1,"治愈之力的源泉",,,,,,2,"治愈之力的源泉",,,0,,,25,False
305,1,"新次元学者",,,,,,2,"新次元学者",,,0,,,26,False
306,1,"蕾薇瓦恋爱了？",,,,,,2,"蕾薇瓦恋爱了？",,,0,,,27,False
307,1,"生命瞬逝，术道恒久",,,,,,2,"生命瞬逝，术道恒久",,,0,,,28,False
308,1,"星导继承者",,,,,,2,"星导继承者",,,0,,,29,False
309,1,"献给那孤高的守护者",,,,,,2,"献给那孤高的守护者",,,0,,,30,False
310,1,"胧的秘策",,,,,,2,"胧的秘策",,,0,,,31,False
311,1,"仗剑行侠无双斋传",,,,,,2,"仗剑行侠无双斋传",,,0,,,32,False
312,1,"暗杀道",,,,,,2,"暗杀道",,,0,,,33,False
313,1,"响彻云霄的三重奏",,,,,,2,"响彻云霄的三重奏",,,0,,,34,False
314,1,"开创！机工士的明天",,,,,,2,"开创！机工士的明天",,,0,,,35,False
315,1,"向新天地进发",,,,,,2,"向新天地进发",,,0,,,36,False
316,1,"精诚所至，金石为开",,,,,,2,"精诚所至，金石为开",,,0,,,37,False
317,1,"次优召唤师",,,,,,2,"次优召唤师",,,0,,,38,False
318,1,"以剑承志",,,,,,2,"以剑承志",,,0,,,39,False
319,4,,,,,,,3,,,,0,,,63,False
320,4,,,,,,,3,,,,0,,,63,False
321,4,,,,,,,3,,,,0,,,64,False
322,4,,,,,,,3,,,,0,,,65,False
323,9,,,,,,,11,"冲突的王者第2赛季",,,0,,"",0,True
324,11,,,,,,,11,"冲突的勇者第2赛季",,,0,,"",0,True
325,11,,,,,,,11,"冲突的获奖者第2赛季",,,0,,"",0,True
326,11,,,,,,,13,"ENpcBase#1005417","Level#6245610",,0,,"",0,True
327,11,,,,,,,13,"ENpcBase#1005417","Level#6245610",,0,,"",0,True
328,11,,,,,,,13,"ENpcBase#1005417","Level#6245610",,0,,"",0,True
329,11,,,,,,,13,"ENpcBase#1005417","Level#6245610",,0,,"",0,True
330,11,,,,,,,13,"ENpcBase#1005417","Level#6245610",,0,,"",0,True
331,9,,,,,,,13,"ENpcBase#1005417","Level#6245610",,0,,"",0,True
332,9,,,,,,,11,"冲突的王者第3赛季",,,0,,"",0,True
333,11,,,,,,,11,"冲突的勇者第3赛季",,,0,,"",0,True
334,11,,,,,,,11,"冲突的获奖者第3赛季",,,0,,"",0,True
335,11,,,,,,,13,"ENpcBase#1005417","Level#6245610",,0,,"",0,True
336,11,,,,,,,13,"ENpcBase#1005417","Level#6245610",,0,,"",0,True
337,11,,,,,,,13,"ENpcBase#1005417","Level#6245610",,0,,"",0,True
338,11,,,,,,,13,"ENpcBase#1005417","Level#6245610",,0,,"",0,True
339,11,,,,,,,13,"ENpcBase#1005417","Level#6245610",,0,,"",0,True
340,9,,,,,,,13,"ENpcBase#1005417","Level#6245610",,0,,"",0,True
341,9,,,,,,,21,"ENpcBase#1038441","Level#9159882","肖像教材：蓝色",0,,"",0,False
342,9,,,,,,,21,"ENpcBase#1038441","Level#9159882","肖像教材：红色",0,,"",0,False
343,9,,,,,,,24,,,,0,,,55,False
344,9,,,,,,,17,,,,0,,,50,False
345,5,"观战",,,,,,21,"ENpcBase#1038441","Level#9159882","演技教材·观战",0,,"",0,False
346,1,"英雄之卵",,,,,,2,"英雄之卵",,,0,,,41,False
347,2,,,,,,,15,,,,0,,,34,False
348,6,"自走人偶001号",,,,,,30,,,,0,,"",0,False
349,6,"巧儿陆行鸟",,,,,,30,,,,0,,"",0,False
350,6,"爆弹仔",,,,,,30,,,,0,,"",0,False
351,6,"贝希摩斯宝宝",,,,,,12,"贝希摩斯宝宝",,,0,,"",0,False
352,6,"魔界花骨朵",,,,,,31,,,,0,,"推进“枪术师”的职业任务进度后解锁获取条件",66,False
353,6,"灰尘兔",,,,,,29,,,,0,,"",0,False
354,6,"幼小仙人掌",,,,,,2,"尸念之情",,,0,,,51,False
355,6,"小壳蟹",,,,,,7,"小壳蟹",,,0,,"",0,False
356,6,"发芽小猩猩",,,,,,2,"人的命运，酒的命运",,,0,,,41,False
357,6,"恶魔砖块",,,,,,31,,,,0,,"推进“制革匠”的职业任务进度后解锁获取条件",66,False
358,6,"手指光标",,,,,,28,,,,0,,"",0,False
359,6,"卢恩人玩偶",,,,,,45,,,,0,,"",0,False
360,6,"小狼",,,,,,2,"拯救小狼犬",,,0,,,51,False
361,6,"长须小豹",,,,,,2,"魔兽守护之物",,,0,,,51,False
362,6,"冬贝利玩偶",,,,,,43,,,,0,,"",0,False
363,6,"魔法扫帚",,,,,,45,,,,0,,"",0,False
364,6,"莫古力娃娃",,,,,,12,"莫古力娃娃",,,0,,"",0,False
365,6,"食果花鼠",,,,,,43,,,,0,,"",0,False
366,6,"猫小胖",,,,,,44,,,,0,,"",0,False
367,6,"河童童",,,,,,16,,,,0,,,51,False
368,6,"追踪系统",,,,,,2,"博物战舰无限回廊",,,0,,,52,False
369,6,"猴面雀儿",,,,,,18,,,,0,,,52,False
370,6,"叶小妖妖",,,,,,31,,,,0,,"推进“重生之境”的主线任务进度后解锁获取条件",67,False
371,6,"獭獭",,,,,,44,,,,0,,"",0,False
372,6,"迷你鲶鱼精",,,,,,43,,,,0,,"",0,False
373,6,"迷你库洛",,,,,,42,,,,0,,,52,False
374,6,"豆豆柴",,,,,,44,,,,0,,"",0,False
375,6,"隆卡的水蛇？",,,,,,2," 隆卡的守护者们",,,0,,,54,False
376,6,"大河狸",,,,,,4,"大河狸","Level#7989343","大河狸",0,,,54,False
377,6,"鲨鱼指挥官",,,,,,11,"游钓大洋1",,,0,,,51,False
378,6,"凯特西娃娃",,,,,,12,"凯特西娃娃",,,0,,"",0,True
379,6,"青鸟",,,,,,43,,,,0,,"",0,False
380,6,"渡渡鸟雏",,,,,,29,,,,0,,"",0,False
381,6,"幼碧企鹅",,,,,,11,"见多识广的探索者",,,0,,,51,False
382,6,"睡羊羊",,,,,,6,"睡羊羊",,,0,,"",0,False
383,6,"小小蔓德拉",,,,,,7,"小小蔓德拉",,,0,,"",0,False
384,6,"不说话的蜂鸟",,,,,,31,,,,0,,"推进“贤者”的特职任务进度后解锁获取条件",66,False
385,6,"梦魔娃娃",,,,,,7,"梦魔娃娃",,,0,,"",0,False
386,6,"小小吉尔伽美什",,,,,,28,,,,0,,"",0,False
387,6,"洋葱王子",,,,,,7,"洋葱王子",,,0,,"",0,False
388,6,"茄子骑士",,,,,,7,"茄子骑士",,,0,,"",0,False
389,6,"蒜头明星",,,,,,7,"蒜头明星",,,0,,"",0,False
390,6,"番茄国王",,,,,,7,"番茄国王",,,0,,"",0,False
391,6,"蔓德拉王后",,,,,,7,"蔓德拉王后",,,0,,"",0,False
392,6,"迷你奥尔特罗斯",,,,,,33,,,,0,,,71,False
393,6,"恩奇都",,,,,,33,,,,0,,,71,False
394,6,"小小阿托莫斯",,,,,,45,,,,0,,"",0,False
395,6,"风筝小猫",,,,,,31,,,,0,,"推进“黑魔法师”的特职任务进度后解锁获取条件",67,False
396,6,"小熊猫",,,,,,31,,,,0,,"推进“赤魔法师”的特职任务进度后解锁获取条件",67,False
397,6,"企鹅王子",,,,,,11,"盘上的军事家1",,,0,,,51,False
398,6,"波奇",,,,,,16,,,,0,,,51,False
399,6,"疣猪小子",,,,,,31,,,,0,,"推进“重生之境”的友好部族任务进度后解锁获取条件",67,False
400,6,"旅雀儿",,,,,,31,,,,0,,"推进“红莲之狂潮”的支线任务进度后解锁获取条件",68,False
401,6,"迷你奇美拉",,,,,,45,,,,0,,"",0,False
402,6,"小雪童子",,,,,,7,"小雪童子",,,0,,,53,False
403,6,"小妖狐",,,,,,27,,,,0,,,43,False
404,6,"鲸头鹳",,,,,,31,,,,0,,"突破“苍穹之禁城”的指定迷宫后解锁获取条件",69,False
405,6,"猪小仙",,,,,,44,,,,0,,"",0,False
406,6,"沙狐",,,,,,26,,,,0,,,54,False
407,6,"莫莫拉·莫拉！！！",,,,,,11,"海钓爱好者4",,,0,,,51,False
408,5,"通讯珠",,,,,,14,,,,0,,"",0,True
409,9,,,,,,,11,"冲突的王者第4赛季",,,0,,"",0,True
410,11,,,,,,,11,"冲突的勇者第4赛季",,,0,,"",0,True
411,11,,,,,,,11,"冲突的获奖者第4赛季",,,0,,"",0,True
412,9,,,,,,,13,"ENpcBase#1005417","Level#6245610",,0,,"",0,True
413,11,,,,,,,13,"ENpcBase#1005417","Level#6245610",,0,,"",0,True
414,11,,,,,,,13,"ENpcBase#1005417","Level#6245610",,0,,"",0,True
415,11,,,,,,,13,"ENpcBase#1005417","Level#6245610",,0,,"",0,True
416,11,,,,,,,13,"ENpcBase#1005417","Level#6245610",,0,,"",0,True
417,11,,,,,,,13,"ENpcBase#1005417","Level#6245610",,0,,"",0,True
418,9,,,,,,,11,"冲突的王者第5赛季",,,0,,"",0,True
419,11,,,,,,,11,"冲突的勇者第5赛季",,,0,,"",0,True
420,11,,,,,,,11,"冲突的获奖者第5赛季",,,0,,"",0,True
421,9,,,,,,,13,"ENpcBase#1005417","Level#6245610",,0,,"",0,True
422,11,,,,,,,13,"ENpcBase#1005417","Level#6245610",,0,,"",0,True
423,11,,,,,,,13,"ENpcBase#1005417","Level#6245610",,0,,"",0,True
424,11,,,,,,,13,"ENpcBase#1005417","Level#6245610",,0,,"",0,True
425,11,,,,,,,13,"ENpcBase#1005417","Level#6245610",,0,,"",0,True
426,11,,,,,,,13,"ENpcBase#1005417","Level#6245610",,0,,"",0,True
427,9,,,,,,,14,,,,0,,"",0,True
428,9,,,,,,,14,,,,0,,"",0,True
429,9,,,,,,,17,,,,0,,,49,False
430,9,,,,,,,17,,,,0,,,49,False
431,9,,,,,,,17,,,,0,,,49,False
432,9,,,,,,,17,,,,0,,,50,False
433,9,,,,,,,17,,,,0,,,50,False
434,4,,,,,,,3,,,,0,,,65,False
435,6,"胖儿陆行鸟",,,,,,16,,,,0,,,51,False
436,6,"粘液胶",,,,,,31,,,,0,,"推进“采矿工”的职业任务进度后解锁获取条件",66,False
437,6,"奥猴宝宝",,,,,,31,,,,0,,"推进“捕鱼人”的职业任务进度后解锁获取条件",66,False
438,6,"小脚雪人",,,,,,44,,,,0,,"",0,False
439,6,"浅瞳",,,,,,11,"萌宠之王2",,,0,,,51,False
440,6,"蓝闪蝶",,,,,,31,,,,0,,"推进“苍穹之禁城”的主线任务进度后解锁获取条件",67,False
441,6,"波罗·罗格",,,,,,2,"星海的呼唤",,,0,,,42,False
442,6,"水小滴",,,,,,31,,,,0,,"推进“重生之境”的编年史任务进度后解锁获取条件",69,False
443,6,"分福",,,,,,44,,,,0,,"",0,False
444,6,"小刺猬",,,,,,43,,,,0,,"",0,False
445,6,"鼯鼠",,,,,,26,,,,0,,,54,False
446,6,"吉多",,,,,,31,,,,0,,"推进“苍穹之禁城”的支线任务进度后解锁获取条件",68,False
447,6,"椒盐海豹",,,,,,31,,,,0,,"",68,False
448,6,"六角小螈螈",,,,,,44,,,,0,,"",0,False
449,6,"小鸭嘴兽",,,,,,22,,,,0,,,54,False
450,6,"丑小鸭",,,,,,31,,,,0,,"推进“钐镰客”的特职任务进度后解锁获取条件",67,False
451,6,"白小虎",,,,,,45,,,,0,,"",0,False
452,6,"朱孔雀",,,,,,45,,,,0,,"",0,False
453,6,"青帝",,,,,,45,,,,0,,"",0,False
454,6,"迷你雅·修特拉",,,,,,12,"迷你雅·修特拉",,,0,,,41,False
455,6,"迷你敏菲利亚",,,,,,6,"迷你敏菲利亚",,,0,,,41,False
456,6,"迷你桑克瑞德",,,,,,6,"迷你桑克瑞德",,,0,,,41,False
457,6,"迷你伊达",,,,,,12,"迷你伊达",,,0,,,41,False
458,6,"迷你帕帕力莫",,,,,,12,"迷你帕帕力莫",,,0,,,41,False
459,6,"迷你于里昂热",,,,,,12,"迷你于里昂热",,,0,,,41,False
460,6,"迷你阿尔菲诺",,,,,,2,"搜寻伊塞勒",,,0,,,42,False
461,6,"迷你阿莉塞",,,,,,12,"迷你阿莉塞",,,0,,,41,False
462,6,"迷你塔塔露",,,,,,12,"迷你塔塔露",,,0,,,41,False
463,6,"迷你西德",,,,,,2,"来自北方之人",,,0,,,42,False
464,6,"猫耳小小员",,,,,,25,,,,0,,,55,False
465,9,,,,,,,47,,,,3176,,,55,False
466,9,,,,,,,47,,,,3178,,,55,False
467,1,"犹如春夜一梦",,,,,,2,"犹如春夜一梦",,,0,,,78,False
468,9,,,,,,,25,,,,0,,,55,False
469,9,,,,,,,25,,,,0,,,55,False
470,5,"摇兔兔耳",,,,,,2," 梦想永不会完结！",,,0,,,50,False
471,5,"手抚胸",,,,,,14,,,,0,,"",0,True
472,6,"擦擦羽衣精",,,,,,34,,,,0,,,55,False
473,6,"吉娃汪",,,,,,44,,,,0,,"",0,False
474,6,"肥肥风筝猫",,,,,,7,"肥肥风筝猫",,,0,,"",0,False
475,6,"娜娜珂小熊",,,,,,45,,,,0,,"",0,False
476,6,"黑豆柴",,,,,,31,,,,0,,"突破“苍穹之禁城”的指定讨伐歼灭战后解锁获取条件",69,False
477,6,"小树袋熊",,,,,,44,,,,0,,"",0,False
478,6,"水豚幼崽",,,,,,43,,,,0,,"",0,False
479,6,"小旗",,,,,,44,,,,0,,"",0,False
480,6,"柯基犬",,,,,,26,,,,0,,,54,False
481,6,"银山雀儿",,,,,,7,"银山雀儿",,,0,,"",0,False
482,6,"小草贤人",,,,,,44,,,,0,,"",0,False
483,6,"悌阳象族人偶",,,,,,17,,,,0,,,50,False
484,6,"格雷布洛弗玩偶",,,,,,44,,,,0,,"",0,False
485,6,"探明威",,,,,,17,,,,0,,,50,False
486,6,"集成奥密克戎",,,,,,31,,,,0,,"推进“暗影之逆焰”的编年史任务进度后解锁获取条件",70,False
487,6,"迷你欧米茄M",,,,,,42,,,,0,,,52,False
488,6,"迷你欧米茄F",,,,,,42,,,,0,,,52,False
489,6,"迷你欧米茄",,,,,,32,,,,0,,,104,False
490,6,"迷你阿尔法",,,,,,2,"让梦乘上翅膀",,,0,,,53,False
491,6,"迷你可露儿",,,,,,6,"迷你可露儿",,,0,,"",0,False
492,6,"迷你穆恩布瑞达",,,,,,2,"灵魂继承者",,,0,,,42,False
493,6,"非正宗调查员",,,,,,2,"随风而逝的结局",,,0,,,51,False
494,6,"迷你娜娜莫",,,,,,28,,,,0,,"",0,False
495,6,"迷你奥尔什方",,,,,,2,"光与暗的分界",,,0,,,42,False
496,6,"迷你艾默里克",,,,,,2,"绝命怒嚎",,,0,,,42,False
497,6,"迷你埃斯蒂尼安",,,,,,42,,,,0,,,52,False
498,6,"迷你尼禄",,,,,,16,,,,0,,,51,False
499,6,"袖珍领袖",,,,,,28,,,,0,,"",0,False
500,6,"袖珍领袖",,,,,,28,,,,0,,"",0,False
501,6,"袖珍领袖",,,,,,28,,,,0,,"",0,False
502,9,,,,,,,11,"冲突的王者第6赛季",,,0,,"",0,True
503,11,,,,,,,11,"冲突的勇者第6赛季",,,0,,"",0,True
504,11,,,,,,,11,"冲突的获奖者第6赛季",,,0,,"",0,True
505,9,,,,,,,13,"ENpcBase#1005417","Level#6245610",,0,,"",0,True
506,11,,,,,,,13,"ENpcBase#1005417","Level#6245610",,0,,"",0,True
507,11,,,,,,,13,"ENpcBase#1005417","Level#6245610",,0,,"",0,True
508,11,,,,,,,13,"ENpcBase#1005417","Level#6245610",,0,,"",0,True
509,11,,,,,,,13,"ENpcBase#1005417","Level#6245610",,0,,"",0,True
510,11,,,,,,,13,"ENpcBase#1005417","Level#6245610",,0,,"",0,True
511,9,,,,,,,11,"冲突的王者第7赛季",,,0,,"",0,True
512,11,,,,,,,11,"冲突的勇者第7赛季",,,0,,"",0,True
513,11,,,,,,,11,"冲突的获奖者第7赛季",,,0,,"",0,True
514,9,,,,,,,13,"ENpcBase#1005417","Level#6245610",,0,,"",0,True
515,11,,,,,,,13,"ENpcBase#1005417","Level#6245610",,0,,"",0,True
516,11,,,,,,,13,"ENpcBase#1005417","Level#6245610",,0,,"",0,True
517,11,,,,,,,13,"ENpcBase#1005417","Level#6245610",,0,,"",0,True
518,11,,,,,,,13,"ENpcBase#1005417","Level#6245610",,0,,"",0,True
519,11,,,,,,,13,"ENpcBase#1005417","Level#6245610",,0,,"",0,True
520,9,,,,,,,14,,,,0,,"",0,True
521,9,,,,,,,14,,,,0,,"",0,True
522,9,,,,,,,19,,,,0,,,40,False
523,9,,,,,,,35,,,,0,,"",0,True
524,9,,,,,,,17,,,,0,,,48,False
525,9,,,,,,,17,,,,0,,,48,False
526,9,,,,,,,17,,,,0,,,48,False
527,9,,,,,,,2," 将希望送往未来",,,0,,,51,True
528,9,,,,,,,24,,,,0,,,55,False
529,9,,,,,,,36,,,,2758,,,51,False
530,9,,,,,,,36,,,,2245,,,20,False
531,9,,,,,,,36,,,,2181,,,51,False
532,5,"比对文献",,,,,,24,,,,0,,,55,False
533,5,"垂头丧气",,,,,,14,,,,0,,"",0,True
534,6,"私用棒槌树",,,,,,7,"私用棒槌树",,,0,,"",0,False
535,6,"忍犬白丸",,,,,,34,,,,0,,,55,False
536,6,"忍犬黑丸",,,,,,34,,,,0,,,55,False
537,6,"迷你莫艾石像",,,,,,45,,,,0,,"",0,False
538,6,"迷你阿泽玛",,,,,,32,,,,0,,,85,False
539,6,"迷你哈罗妮",,,,,,32,,,,0,,,85,False
540,6,"迷你奥修昂",,,,,,32,,,,0,,,85,False
541,6,"砂砾小像兵",,,,,,45,,,,0,,"",0,False
542,6,"小木乃伊",,,,,,31,,,,0,,"推进“学者”的特职任务进度后解锁获取条件",66,False
543,6,"芬里尔幼崽",,,,,,40,,,,0,,"",0,False
544,6,"小凉南希",,,,,,31,,,,0,,"突破“红莲之狂潮”的指定讨伐歼灭战后解锁获取条件",69,False
545,6,"小矮兔",,,,,,43,,,,0,,"",0,False
546,6,"狐獴",,,,,,7,"狐獴",,,0,,"",0,False
547,6,"暗斗鱼苗",,,,,,7,"暗斗鱼苗",,,0,,"",0,False
548,6,"猫头小鹰",,,,,,31,,,,0,,"推进“机工士”的特职任务进度后解锁获取条件",67,False
549,6,"猎鹰",,,,,,18,,,,0,,,52,False
550,6,"蓝足鲣鸟",,,,,,44,,,,0,,"",0,False
551,6,"新型迷你雅·修特拉",,,,,,12,"新型迷你雅·修特拉",,,0,,"",0,False
552,6,"新型迷你桑克瑞德",,,,,,42,,,,0,,,52,False
553,6,"迷你路易索瓦",,,,,,11,"称霸最终大迷宫1",,,0,,,76,False
554,6,"新型迷你阿莉塞",,,,,,42,,,,0,,,52,False
555,6,"迷你戈德伯特",,,,,,6,"迷你戈德伯特",,,0,,"",0,True
556,6,"迷你冰之巫女",,,,,,12,"迷你冰之巫女",,,0,,"",0,False
557,6,"迷你夕雾",,,,,,12,"迷你夕雾",,,0,,"",0,False
558,6,"迷你艾达",,,,,,7,"迷你艾达",,,0,,,52,False
559,6,"迷你熙洛",,,,,,42,,,,0,,,52,False
560,6,"迷你古·拉哈",,,,,,2,"暗影之逆焰",,,0,,,44,False
561,6,"尘世幻龙",,,,,,2,"前往密约之塔",,,0,,,41,False
562,6,"迷你赫拉斯瓦尔格",,,,,,12,"迷你赫拉斯瓦尔格",,,0,,"",0,True
563,6,"迷你尼德霍格",,,,,,12,"迷你尼德霍格",,,0,,"",0,True
564,6,"粉红糖豆人",,,,,,4,"金碟声誉兑换员","Level#10215752","粉红糖豆人",0,,,51,True
565,6,"糖豆企鹅",,,,,,4,"金碟声誉兑换员","Level#10215752","糖豆企鹅",0,,,51,True
566,6,"小托加尔",,,,,,2,"纵使前路狱火焰毒",,,0,,,51,True
567,9,,,,,,,17,,,,0,,,47,False
568,9,,,,,,,17,,,,0,,,47,False
569,9,,,,,,,17,,,,0,,,47,False
570,9,,,,,,,42,,,,0,,,52,False
571,9,,,,,,,26,,,,0,,,54,False
572,9,,,,,,,2,"受众神眷顾之地——艾欧泽亚",,,0,,,80,False
573,9,,,,,,,2,"联系你我至永远的大繁荣之轮",,,0,,,55,False
574,9,,,,,,,24,,,,0,,,55,False
575,9,,,,,,,4,"金碟声誉兑换员","Level#10215752","肖像教材：金碟巨豆中心1",0,,,51,True
576,9,,,,,,,4,"金碟声誉兑换员","Level#10215752","肖像教材：金碟巨豆中心2",0,,,51,True
577,9,,,,,,,4,"金碟声誉兑换员","Level#10215752","肖像教材：金碟巨豆中心3",0,,,51,True
578,9,,,,,,,14,,,,0,,"",0,True
579,9,,,,,,,14,,,,0,,"",0,True
580,9,,,,,,,11,"冲突的王者第8赛季",,,0,,"",0,True
581,11,,,,,,,11,"冲突的勇者第8赛季",,,0,,"",0,True
582,11,,,,,,,11,"冲突的获奖者第8赛季",,,0,,"",0,True
583,9,,,,,,,13,"ENpcBase#1005417","Level#6245610",,0,,"",0,True
584,11,,,,,,,13,"ENpcBase#1005417","Level#6245610",,0,,"",0,True
585,11,,,,,,,13,"ENpcBase#1005417","Level#6245610",,0,,"",0,True
586,11,,,,,,,13,"ENpcBase#1005417","Level#6245610",,0,,"",0,True
587,11,,,,,,,13,"ENpcBase#1005417","Level#6245610",,0,,"",0,True
588,11,,,,,,,13,"ENpcBase#1005417","Level#6245610",,0,,"",0,True
589,9,,,,,,,11,"冲突的王者第9赛季",,,0,,"",0,True
590,11,,,,,,,11,"冲突的勇者第9赛季",,,0,,"",0,True
591,11,,,,,,,11,"冲突的获奖者第9赛季",,,0,,"",0,True
592,9,,,,,,,13,"ENpcBase#1005417","Level#6245610",,0,,"",0,True
593,11,,,,,,,13,"ENpcBase#1005417","Level#6245610",,0,,"",0,True
594,11,,,,,,,13,"ENpcBase#1005417","Level#6245610",,0,,"",0,True
595,11,,,,,,,13,"ENpcBase#1005417","Level#6245610",,0,,"",0,True
596,11,,,,,,,13,"ENpcBase#1005417","Level#6245610",,0,,"",0,True
597,11,,,,,,,13,"ENpcBase#1005417","Level#6245610",,0,,"",0,True
598,9,,,,,,,11,"冲突的王者第10赛季",,,0,,"",0,True
599,11,,,,,,,11,"冲突的勇者第10赛季",,,0,,"",0,True
600,11,,,,,,,11,"冲突的获奖者第10赛季",,,0,,"",0,True
601,9,,,,,,,13,"ENpcBase#1005417","Level#6245610",,0,,"",0,True
602,11,,,,,,,13,"ENpcBase#1005417","Level#6245610",,0,,"",0,True
603,11,,,,,,,13,"ENpcBase#1005417","Level#6245610",,0,,"",0,True
604,11,,,,,,,13,"ENpcBase#1005417","Level#6245610",,0,,"",0,True
605,11,,,,,,,13,"ENpcBase#1005417","Level#6245610",,0,,"",0,True
606,11,,,,,,,13,"ENpcBase#1005417","Level#6245610",,0,,"",0,True
607,9,,,,,,,37,,,,0,,"",0,True
608,6,"贝希摩斯宝宝",,,,,,38,,,,0,,"",0,False
609,6,"手指光标",,,,,,38,,,,0,,"",0,False
610,6,"莫古力娃娃",,,,,,38,,,,0,,"",0,False
611,6,"凯特西娃娃",,,,,,38,,,,0,,"",0,True
612,6,"小小吉尔伽美什",,,,,,38,,,,0,,"",0,False
613,6,"迷你娜娜莫",,,,,,38,,,,0,,"",0,False
614,6,"袖珍领袖",,,,,,38,,,,0,,"",0,False
615,6,"袖珍领袖",,,,,,38,,,,0,,"",0,False
616,6,"袖珍领袖",,,,,,38,,,,0,,"",0,False
617,6,"迷你冰之巫女",,,,,,38,,,,0,,"",0,False
618,6,"迷你夕雾",,,,,,38,,,,0,,"",0,False
619,6,"迷你赫拉斯瓦尔格",,,,,,38,,,,0,,"",0,False
620,6,"迷你尼德霍格",,,,,,38,,,,0,,"",0,False
621,0,,,,,,,0,,,,0,,"",0,False
622,0,,,,,,,0,,,,0,,"",0,False
623,0,,,,,,,0,,,,0,,"",0,False
624,0,,,,,,,0,,,,0,,"",0,False
625,0,,,,,,,0,,,,0,,"",0,False
626,0,,,,,,,0,,,,0,,"",0,False
627,5,"吃恋人巧克力",,,,,,6,"演技教材·吃恋人巧克力",,,0,,"",0,False
628,5,"叛逆精神",,,,,,12,"演技教材·叛逆精神",,,0,,"",0,False
629,5,"两眼放光",,,,,,24,,,,0,,,55,False
630,5,"吃南瓜曲奇",,,,,,6,"演技教材·吃南瓜曲奇",,,0,,"",0,False
631,5,"公主之舞",,,,,,6,"演技教材·公主之舞",,,0,,"",0,False
632,5,"吓唬人",,,,,,6,"演技教材·吓唬人",,,0,,"",0,False
633,5,"雀跃1",,,,,,12,"演技教材·雀跃",,,0,,"",0,False
634,5,"雀跃2",,,,,,12,"演技教材·雀跃",,,0,,"",0,False
635,5,"雀跃3",,,,,,12,"演技教材·雀跃",,,0,,"",0,False
636,5,"雀跃4",,,,,,12,"演技教材·雀跃",,,0,,"",0,False
637,5,"雀跃5",,,,,,12,"演技教材·雀跃",,,0,,"",0,False
638,5,"兔兔舞",,,,,,2,"宇宙尽头的精彩比赛",,,0,,,50,False
639,5,"吃炸鸡",,,,,,12,"演技教材·吃炸鸡",,,0,,"",0,True
640,5,"比心",,,,,,2,"在恋人节传达爱意",,,0,,"",0,True
641,5,"得意洋洋",,,,,,24,,,,0,,,55,False
642,5,"大获全胜",,,,,,4,"金碟声誉兑换员","Level#10215752","演技教材·大获全胜",0,,,51,True
643,6,"雷普鲁",,,,,,34,,,,0,,,55,False
644,6,"乌洛萨帕",,,,,,34,,,,0,,,55,False
645,6,"矿爬虫虫",,,,,,7,"矿爬虫虫",,,0,,"",0,False
646,6,"西德尼亚丘灵",,,,,,26,,,,0,,,54,False
647,6,"可幽可幽玩偶",,,,,,2,"不拘小节的一家",,,0,,,55,False
648,6,"海鹦",,,,,,31,,,,0,,"推进“金曦之遗辉”的支线任务进度后解锁获取条件",70,False
649,6,"黑小猩",,,,,,26,,,,0,,,54,False
650,6,"小松鼠",,,,,,7,"小松鼠",,,0,,"",0,False
651,6,"魔菇宝",,,,,,7,"魔菇宝",,,0,,"",0,False
652,6,"沙蚤虫虫",,,,,,2,"遗迹调查前线",,,0,,,51,False
653,6,"长须小黑豹",,,,,,16,,,,0,,,51,False
654,6,"盗龙小宝",,,,,,7,"盗龙小宝",,,0,,"",0,False
655,6,"夺心小魔",,,,,,44,,,,0,,"",0,False
656,6,"独角幼兽",,,,,,31,,,,0,,"推进“吟游诗人”的特职任务进度后解锁获取条件",67,False
657,6,"格斯塔拉",,,,,,44,,,,0,,"",0,False
658,6,"迷你莉瑟",,,,,,6,"迷你莉瑟",,,0,,,43,False
659,6,"迷你飞燕",,,,,,42,,,,0,,,52,False
660,6,"新型迷你夕雾",,,,,,6,"新型迷你夕雾",,,0,,,43,False
661,6,"迷你豪雪",,,,,,6,"迷你豪雪",,,0,,,43,False
662,6,"迷你夜露",,,,,,12,"迷你夜露",,,0,,"",0,True
663,6,"迷你格林瓦特",,,,,,31,,,,0,,"推进“暗影之逆焰”的支线任务进度后解锁获取条件",68,False
664,6,"新型迷你劳班",,,,,,2,"英雄归来",,,0,,,43,False
665,6,"迷你玛格奈",,,,,,45,,,,0,,,43,False
666,6,"迷你其日娜",,,,,,6,"迷你其日娜",,,0,,,43,False
667,6,"迷你纱都",,,,,,45,,,,0,,,43,False
668,6,"新型迷你塔塔露",,,,,,12,"新型迷你塔塔露",,,0,,"",0,True
669,6,"朱雀机关人偶",,,,,,12,"朱雀机关人偶",,,0,,"",0,True
670,6,"迷你第一世界雅·修特拉",,,,,,6,"迷你第一世界雅·修特拉",,,0,,,44,False
671,6,"新型迷你于里昂热",,,,,,42,,,,0,,,52,False
672,6,"新型迷你埃斯蒂尼安",,,,,,18,,,,0,,,52,False
673,6,"迷你莱楠",,,,,,12,"迷你莱楠",,,0,,"",0,True
674,6,"迷你鲁纳尔",,,,,,12,"迷你鲁纳尔",,,0,,"",0,True
675,6,"迷你杜丽雅",,,,,,12,"迷你杜丽雅",,,0,,"",0,True
676,6,"迷你琳",,,,,,32,,,,0,,,105,False
677,6,"迷你盖娅",,,,,,32,,,,0,,,105,False
678,6,"猫秘玩偶",,,,,,2,"指引你迈向明天的是",,,0,,,44,False
679,6,"迷你阿尔博特",,,,,,6,"迷你阿尔博特",,,0,,,44,False
680,6,"发条索鲁斯",,,,,,6,"发条索鲁斯",,,0,,,44,False
681,9,,,,,,,21,"ENpcBase#1038441","Level#9159882","肖像教材：蝰蛇剑士",0,,"",0,False
682,9,,,,,,,21,"ENpcBase#1038441","Level#9159882","肖像教材：绘灵法师",0,,"",0,False
683,9,,,,,,,14,,,,0,,"",0,True
684,9,,,,,,,14,,,,0,,"",0,True
685,9,,,,,,,11,"冲突的王者第11赛季",,,0,,"",0,True
686,11,,,,,,,11,"冲突的勇者第11赛季",,,0,,"",0,True
687,11,,,,,,,11,"冲突的获奖者第11赛季",,,0,,"",0,True
688,9,,,,,,,13,"ENpcBase#1005417","Level#6245610",,0,,"",0,True
689,11,,,,,,,13,"ENpcBase#1005417","Level#6245610",,0,,"",0,True
690,11,,,,,,,13,"ENpcBase#1005417","Level#6245610",,0,,"",0,True
691,11,,,,,,,13,"ENpcBase#1005417","Level#6245610",,0,,"",0,True
692,11,,,,,,,13,"ENpcBase#1005417","Level#6245610",,0,,"",0,True
693,11,,,,,,,13,"ENpcBase#1005417","Level#6245610",,0,,"",0,True
694,9,,,,,,,17,,,,0,,,46,False
695,9,,,,,,,17,,,,0,,,46,False
696,9,,,,,,,17,,,,0,,,46,False
697,9,,,,,,,17,,,,0,,,46,False
698,9,,,,,,,17,,,,0,,,46,False
699,9,,,,,,,41,,,,0,,,88,False
700,9,,,,,,,41,,,,0,,,88,False
701,9,,,,,,,41,,,,0,,,88,False
702,9,,,,,,,41,,,,0,,,88,False
703,1,"自称蝰蛇剑士的男人",,,,,,2,"自称蝰蛇剑士的男人",,,0,,"",0,False
704,1,"绘灵法师的继承者",,,,,,2,"绘灵法师的继承者",,,0,,"",0,False
705,1,"图拉尔威爪猎手",,,,,,2,"图拉尔威爪猎手",,,0,,,86,False
706,1,"旅行画家的幻想旅程",,,,,,2,"旅行画家的幻想旅程",,,0,,,87,False
707,5,"威光降临",,,,,,12,"演技教材·威光降临",,,0,,"",0,False
708,6,"迷你夜露",,,,,,38,,,,0,,"",0,True
709,6,"新型迷你塔塔露",,,,,,38,,,,0,,"",0,True
710,6,"朱雀机关人偶",,,,,,38,,,,0,,"",0,True
711,6,"迷你莱楠",,,,,,38,,,,0,,"",0,True
712,6,"迷你鲁纳尔",,,,,,38,,,,0,,"",0,True
713,6,"迷你杜丽雅",,,,,,38,,,,0,,"",0,True
714,0,,,,,,,0,,,,0,,"",0,False
715,0,,,,,,,0,,,,0,,"",0,False
716,0,,,,,,,0,,,,0,,"",0,False
717,0,,,,,,,0,,,,0,,"",0,False
718,0,,,,,,,0,,,,0,,"",0,False
719,0,,,,,,,0,,,,0,,"",0,False
720,5,"守护天节的魔咒",,,,,,6,"演技教材·守护天节的魔咒",,,0,,"",0,False
721,5,"扇大团扇",,,,,,2,"红莲节与绿怪物",,,0,,"",0,True
722,5,"待命",,,,,,14,,,,0,,"",0,True
723,5,"浇水",,,,,,28,,,,0,,"",0,False
724,5,"调饮",,,,,,16,,,,0,,,51,False
725,5,"象征自由的姿势",,,,,,2,"挣脱束缚的自由",,,0,,,101,False
726,5,"赠送花束",,,,,,2,"恋人节与爱之蔷薇",,,0,,"",0,True
727,5,"噢霍卡利",,,,,,2," 新事业！图拉尔旅行公司",,,0,,,88,False
728,0,,,,,,,0,,,,0,,"",0,False
729,6,"聪慧小海豚",,,,,,11,"海中智者",,,0,,,51,False
730,6,"游星鸟",,,,,,31,,,,0,,"突破“暗影之逆焰”的指定团队任务后解锁获取条件",70,False
731,6,"纳夏猫",,,,,,22,,,,0,,,55,False
732,6,"迷你弗栗多",,,,,,12,"迷你弗栗多",,,0,,"",0,True
733,6,"蟹蟹",,,,,,44,,,,0,,"",0,False
734,6,"月面仙人刺王子",,,,,,31,,,,0,,"突破“晓月之终途”的指定团队任务后解锁获取条件",70,False
735,6,"小小守护者",,,,,,2,"晓月之终途",,,0,,,45,False
736,6,"王家仙人刺",,,,,,43,,,,0,,"",0,False
737,6,"迷你好友",,,,,,43,,,,0,,,45,False
738,6,"迷你埃里克特翁尼亚斯",,,,,,32,,,,0,,,106,False
739,6,"迷你艾多纽斯",,,,,,43,,,,0,,,45,False
740,6,"迷你雅典娜",,,,,,32,,,,0,,,106,False
741,6,"休假小员",,,,,,25,,,,0,,,55,False
742,6,"海德林偶像",,,,,,12,"海德林偶像",,,0,,"",0,True
743,6,"佐迪亚克偶像",,,,,,12,"佐迪亚克偶像",,,0,,"",0,True
744,6,"迷你富尔什诺",,,,,,12,"迷你富尔什诺",,,0,,"",0,True
745,6,"小羊驼",,,,,,41,,,,0,,,88,False
746,6,"伊克提",,,,,,41,,,,0,,,88,False
747,6,"小绿鸟",,,,,,44,,,,0,,"",0,False
748,6,"小巧郊狼",,,,,,14,,,,0,,"",0,True
749,6,"玉米大人",,,,,,2," 饥饿之旅：完结篇",,,0,,,90,False
750,6,"酒杯刺",,,,,,31,,,,0,,"推进“红莲之狂潮”的职能任务后解锁获取条件",92,False
751,6,"蓝猫",,,,,,22,,,,0,,,90,False
752,6,"铁皮哨兵T1",,,,,,31,,,,0,,"突破“金曦之遗辉”的指定团队任务后解锁获取条件",92,False
753,6,"新型迷你可露儿",,,,,,6,"新型迷你可露儿",,,0,,"",0,True
754,6,"迷你零",,,,,,12,"迷你零",,,0,,"",0,True
755,6,"迷你埃伦维尔",,,,,,12,"迷你埃伦维尔",,,0,,"",0,True
756,9,,,,,,,14,,,,0,,"",0,True
757,9,,,,,,,14,,,,0,,"",0,True
758,9,,,,,,,11,"冲突的王者第12赛季",,,0,,"",0,True
759,11,,,,,,,11,"冲突的勇者第12赛季",,,0,,"",0,True
760,11,,,,,,,11,"冲突的获奖者第12赛季",,,0,,"",0,True
761,9,,,,,,,13,"ENpcBase#1005417","Level#6245610",,0,,"",0,True
762,11,,,,,,,13,"ENpcBase#1005417","Level#6245610",,0,,"",0,True
763,11,,,,,,,13,"ENpcBase#1005417","Level#6245610",,0,,"",0,True
764,11,,,,,,,13,"ENpcBase#1005417","Level#6245610",,0,,"",0,True
765,11,,,,,,,13,"ENpcBase#1005417","Level#6245610",,0,,"",0,True
766,11,,,,,,,13,"ENpcBase#1005417","Level#6245610",,0,,"",0,True
767,9,,,,,,,17,,,,0,,,89,False
768,9,,,,,,,42,,,,0,,,52,False
769,9,,,,,,,42,,,,0,,,52,False
770,9,,,,,,,42,,,,0,,,52,False
771,9,,,,,,,42,,,,0,,,52,False
772,9,,,,,,,36,,,,1929,,,43,False
773,9,,,,,,,36,,,,1929,,,43,False
774,9,,,,,,,36,,,,1930,,,43,False
775,9,,,,,,,36,,,,1930,,,43,False
776,9,,,,,,,41,,,,0,,,44,False
777,9,,,,,,,41,,,,0,,,44,False
778,9,,,,,,,41,,,,0,,,44,False
779,9,,,,,,,41,,,,0,,,44,False
780,9,,,,,,,41,,,,0,,,45,False
781,9,,,,,,,41,,,,0,,,45,False
782,9,,,,,,,41,,,,0,,,45,False
783,9,,,,,,,41,,,,0,,,45,False
784,6,"海德林偶像",,,,,,38,,,,0,,"",0,True
785,6,"佐迪亚克偶像",,,,,,38,,,,0,,"",0,True
786,6,"迷你富尔什诺",,,,,,38,,,,0,,"",0,True
787,6,"迷你零",,,,,,38,,,,0,,"",0,True
788,0,,,,,,,0,,,,0,,"",0,False
789,0,,,,,,,0,,,,0,,"",0,False
790,0,,,,,,,0,,,,0,,"",0,False
791,0,,,,,,,0,,,,0,,"",0,False
792,0,,,,,,,0,,,,0,,"",0,False
793,0,,,,,,,0,,,,0,,"",0,False
794,0,,,,,,,0,,,,0,,"",0,False
795,0,,,,,,,0,,,,0,,"",0,False
796,0,,,,,,,0,,,,0,,"",0,False
797,0,,,,,,,0,,,,0,,"",0,False
798,0,,,,,,,0,,,,0,,"",0,False
799,0,,,,,,,0,,,,0,,"",0,False
800,0,,,,,,,0,,,,0,,"",0,False
801,0,,,,,,,0,,,,0,,"",0,False
802,0,,,,,,,0,,,,0,,"",0,False
803,0,,,,,,,0,,,,0,,"",0,False
804,0,,,,,,,0,,,,0,,"",0,False
805,0,,,,,,,0,,,,0,,"",0,False
806,0,,,,,,,0,,,,0,,"",0,False
807,0,,,,,,,0,,,,0,,"",0,False
808,0,,,,,,,0,,,,0,,"",0,False
809,0,,,,,,,0,,,,0,,"",0,False
810,0,,,,,,,0,,,,0,,"",0,False
811,0,,,,,,,0,,,,0,,"",0,False
812,0,,,,,,,0,,,,0,,"",0,False
813,0,,,,,,,0,,,,0,,"",0,False
814,0,,,,,,,0,,,,0,,"",0,False
815,0,,,,,,,0,,,,0,,"",0,False
816,5,"煎蛋",,,,,,12,"演技教材·煎蛋",,,0,,"",0,False
817,5,"用触控板记录",,,,,,49,,,,0,,,55,False
818,5,"大惊小怪",,,,,,2,"金碟游乐场与幻卡王的传闻",,,0,,"",0,True
819,5,"转圈",,,,,,23,,,,0,,,90,False
820,5,"晕头转向",,,,,,14,,,,0,,"",0,False
821,5,"气得发抖",,,,,,48,,,,0,,,55,False
822,6,"大脚小猿",,,,,,20,,,,0,,,51,False
823,6,"黑小猫",,,,,,32,,,,0,,,107,False
824,6,"虎斑次郎",,,,,,22,,,,0,,,53,False
825,6,"霍啪栌的水蛇？",,,,,,17,,,,0,,,49,False
826,6,"奇塔利的水蛇？",,,,,,17,,,,0,,,49,False
827,6,"小小食蚁兽",,,,,,26,,,,0,,,54,False
828,6,"河马幼崽",,,,,,31,,,,0,,"突破“红莲之狂潮”的指定团队任务后解锁获取条件",70,False
829,6,"袋鼠玩偶",,,,,,44,,,,0,,"",0,False
830,6,"跃阳兔",,,,,,31,,,,0,,"推进“晓月之终途”的职能任务后解锁获取条件",92,False
831,6,"舞海月",,,,,,7,"舞海月",,,0,,"",0,False
832,6,"多玛金鱼儿",,,,,,44,,,,0,,"",0,False
833,6,"拉拉鳄",,,,,,11,"天穹街的制作大师",,,0,,,52,False
834,6,"小小海牛",,,,,,31,,,,0,,"推进“金曦之遗辉”的编年史任务进度后解锁获取条件",92,False
835,6,"小小巨嘴鸟",,,,,,7,"小小巨嘴鸟",,,0,,"",0,False
836,6,"伊弗利特之形",,,,,,45,,,,0,,"",0,False
837,6,"迦楼罗之形",,,,,,45,,,,0,,"",0,False
838,6,"泰坦之形",,,,,,45,,,,0,,"",0,False
839,6,"利维亚桑之形",,,,,,45,,,,0,,"",0,False
840,6,"拉姆之形",,,,,,45,,,,0,,"",0,False
841,6,"希瓦之形",,,,,,45,,,,0,,"",0,False
842,6,"奥丁战偶",,,,,,28,,,,0,,"",0,False
843,6,"俾斯麦之形",,,,,,45,,,,0,,"",0,False
844,6,"罗波那之形",,,,,,45,,,,0,,"",0,False
845,6,"须佐之男之形",,,,,,45,,,,0,,"",0,False
846,6,"吉祥天女之形",,,,,,45,,,,0,,"",0,False
847,6,"迷你特弥斯",,,,,,2,"将昔日的回忆送与你 ",,,0,,,80,False
848,6,"佩鲁佩鲁族玩偶",,,,,,17,,,,0,,,89,False
849,6,"铁皮士兵S3",,,,,,26,,,,0,,,54,False
850,6,"亚拉戈西瓜",,,,,,7,"亚拉戈西瓜",,,0,,"",0,False
851,6,"祭品大人",,,,,,2,"饥饿之旅：重逢篇",,,0,,,90,False
852,9,,,,,,,14,,,,0,,"",0,False
853,9,,,,,,,14,,,,0,,"",0,False
854,9,,,,,,,11,"冲突的王者第13赛季",,,0,,"",0,True
855,11,,,,,,,11,"冲突的勇者第13赛季",,,0,,"",0,True
856,11,,,,,,,11,"冲突的获奖者第13赛季",,,0,,"",0,True
857,9,,,,,,,13,"ENpcBase#1005417","Level#6245610",,0,,"",0,True
858,11,,,,,,,13,"ENpcBase#1005417","Level#6245610",,0,,"",0,True
859,11,,,,,,,13,"ENpcBase#1005417","Level#6245610",,0,,"",0,True
860,11,,,,,,,13,"ENpcBase#1005417","Level#6245610",,0,,"",0,True
861,11,,,,,,,13,"ENpcBase#1005417","Level#6245610",,0,,"",0,True
862,11,,,,,,,13,"ENpcBase#1005417","Level#6245610",,0,,"",0,True
863,9,,,,,,,11,"冲突的王者第14赛季",,,0,,"",0,False
864,11,,,,,,,11,"冲突的勇者第14赛季",,,0,,"",0,False
865,11,,,,,,,11,"冲突的获奖者第14赛季",,,0,,"",0,False
866,9,,,,,,,13,"ENpcBase#1005417","Level#6245610",,0,,"",0,False
867,11,,,,,,,13,"ENpcBase#1005417","Level#6245610",,0,,"",0,False
868,11,,,,,,,13,"ENpcBase#1005417","Level#6245610",,0,,"",0,False
869,11,,,,,,,13,"ENpcBase#1005417","Level#6245610",,0,,"",0,False
870,11,,,,,,,13,"ENpcBase#1005417","Level#6245610",,0,,"",0,False
871,11,,,,,,,13,"ENpcBase#1005417","Level#6245610",,0,,"",0,False
872,4,,,,,,,3,,,,0,,,91,False
873,9,,,,,,,17,,,,0,,,89,False
874,9,,,,,,,47,,,,1580,,,51,False
875,9,,,,,,,47,,,,1657,,,52,False
876,9,,,,,,,47,,,,2049,,,53,False
877,9,,,,,,,47,,,,2051,,,53,False
878,9,,,,,,,48,,,,0,,,55,False
879,9,,,,,,,23,,,,0,,,90,False
880,0,,,,,,,0,,,,0,,"",0,False
881,0,,,,,,,0,,,,0,,"",0,False
882,0,,,,,,,0,,,,0,,"",0,False
883,0,,,,,,,0,,,,0,,"",0,False
884,0,,,,,,,0,,,,0,,"",0,False
885,0,,,,,,,0,,,,0,,"",0,False
886,0,,,,,,,0,,,,0,,"",0,False
887,0,,,,,,,0,,,,0,,"",0,False
888,0,,,,,,,0,,,,0,,"",0,False
889,0,,,,,,,0,,,,0,,"",0,False
890,0,,,,,,,0,,,,0,,"",0,False
891,0,,,,,,,0,,,,0,,"",0,False
892,0,,,,,,,0,,,,0,,"",0,False
893,0,,,,,,,0,,,,0,,"",0,False
894,0,,,,,,,0,,,,0,,"",0,False
895,0,,,,,,,0,,,,0,,"",0,False
896,0,,,,,,,0,,,,0,,"",0,False
897,0,,,,,,,0,,,,0,,"",0,False
898,0,,,,,,,0,,,,0,,"",0,False
899,0,,,,,,,0,,,,0,,"",0,False
900,0,,,,,,,0,,,,0,,"",0,False
