key,0,1,2,3,4,5,6,7,8,9,10
#,Type,AdditionalData,AcceptClassJobCategory,Category,UnlockCondition,,,SortKey,Icon,Name,
int32,byte,Row,ClassJobCategory,byte,BannerCondition,uint16,uint16,uint16,Image,int32,str
0,0,,"所有职业",0,"BannerCondition#0",0,0,0,,0,"未設定"
1,20,"normal/idle","所有职业",3,"BannerCondition#1",0,0,0,"ui/icon/000000/000001.tex",82083,"站立姿势：收回武器1"
2,11,"","所有职业",3,"BannerCondition#1",0,0,0,"ui/icon/000000/000002.tex",82083,"站立姿势：收回武器2"
3,11,"","所有职业",3,"BannerCondition#1",0,0,0,"ui/icon/000000/000003.tex",82083,"站立姿势：收回武器3"
4,11,"","所有职业",3,"BannerCondition#1",0,0,0,"ui/icon/000000/000004.tex",82083,"站立姿势：收回武器4"
5,11,"","所有职业",3,"BannerCondition#1",0,0,0,"ui/icon/000000/000005.tex",82083,"站立姿势：收回武器5"
6,11,"改变姿势","所有职业",3,"BannerCondition#1",0,0,0,"ui/icon/000000/000006.tex",82083,"站立姿势：收回武器6"
7,11,"改变姿势","所有职业",3,"BannerCondition#1",0,0,0,"ui/icon/000000/000007.tex",82083,"站立姿势：收回武器7"
8,20,"battle/idle","所有职业",3,"BannerCondition#1",0,0,0,"ui/icon/000000/000008.tex",82083,"站立姿势：拔出武器1"
9,11,"","所有职业",3,"BannerCondition#1",0,0,0,"ui/icon/000000/000009.tex",82083,"站立姿势：拔出武器2"
10,11,"行礼","所有职业",1,"BannerCondition#1",0,0,0,"ui/icon/001000/001000.tex",64005,""
11,11,"行东方礼","所有职业",1,"BannerCondition#6",0,0,0,"ui/icon/001000/001001.tex",64340,""
12,0,,"",0,"BannerCondition#0",0,0,0,,0,""
13,11,"欢迎","所有职业",1,"BannerCondition#1",0,0,0,"ui/icon/001000/001003.tex",64041,""
14,11,"打招呼","所有职业",1,"BannerCondition#7",0,0,0,"ui/icon/001000/001004.tex",64361,""
15,11,"道别","所有职业",1,"BannerCondition#1",0,0,0,"ui/icon/001000/001005.tex",64015,""
16,11,"挥手","所有职业",1,"BannerCondition#1",0,0,0,"ui/icon/001000/001006.tex",64016,""
17,11,"下跪","所有职业",1,"BannerCondition#1",0,0,0,"ui/icon/001000/001007.tex",64019,""
18,11,"敬礼","所有职业",1,"BannerCondition#1",0,0,0,"ui/icon/001000/001008.tex",64031,""
19,0,,"",0,"BannerCondition#0",0,0,0,,0,""
20,0,,"",0,"BannerCondition#0",0,0,0,,0,""
21,0,,"",0,"BannerCondition#0",0,0,0,,0,""
22,11,"帝国式军礼","所有职业",1,"BannerCondition#8",0,0,0,"ui/icon/001000/001009.tex",64066,""
23,11,"抱拳礼","所有职业",1,"BannerCondition#46",0,0,0,"ui/icon/001000/001010.tex",64088,""
24,11,"啦哩吼","所有职业",1,"BannerCondition#9",0,0,0,"ui/icon/001000/001011.tex",64383,""
25,11,"轻笑","所有职业",1,"BannerCondition#1",0,0,0,"ui/icon/001000/001101.tex",64020,""
26,11,"大笑","所有职业",1,"BannerCondition#1",0,0,0,"ui/icon/001000/001102.tex",64021,""
27,11,"高兴","所有职业",1,"BannerCondition#1",0,0,0,"ui/icon/001000/001103.tex",64018,""
28,11,"欣喜若狂","所有职业",1,"BannerCondition#1",0,0,0,"ui/icon/001000/001104.tex",64052,""
29,11,"鼓励","所有职业",1,"BannerCondition#1",0,0,0,"ui/icon/001000/001105.tex",64034,""
30,11,"安抚","所有职业",1,"BannerCondition#1",0,0,0,"ui/icon/001000/001106.tex",64035,""
31,11,"害羞","所有职业",1,"BannerCondition#1",0,0,0,"ui/icon/001000/001107.tex",64004,""
32,11,"安慰","所有职业",1,"BannerCondition#1",0,0,0,"ui/icon/001000/001108.tex",64009,""
33,11,"激励","所有职业",1,"BannerCondition#1",0,0,0,"ui/icon/001000/001109.tex",64030,""
34,11,"祈祷","所有职业",1,"BannerCondition#1",0,0,0,"ui/icon/001000/001110.tex",64064,""
35,11,"默哀","所有职业",1,"BannerCondition#1",0,0,0,"ui/icon/001000/001111.tex",64329,""
36,11,"飞吻","所有职业",1,"BannerCondition#1",0,0,0,"ui/icon/001000/001113.tex",64049,""
37,11,"表达爱意","所有职业",1,"BannerCondition#47",0,0,0,"ui/icon/001000/001114.tex",64334,""
38,11,"跳舞","所有职业",1,"BannerCondition#1",0,0,0,"ui/icon/001000/001115.tex",64011,""
39,11,"点头","所有职业",1,"BannerCondition#1",0,0,0,,64042,""
40,11,"肯定","所有职业",1,"BannerCondition#1",0,0,0,,64043,""
41,11,"拍手","所有职业",1,"BannerCondition#1",0,0,0,,64007,""
42,11,"称赞","所有职业",1,"BannerCondition#1",0,0,0,,64029,""
43,11,"加油","所有职业",1,"BannerCondition#1",0,0,0,,64006,""
44,11,"干劲十足","所有职业",1,"BannerCondition#120",0,0,0,,64419,""
45,11,"胜利欢呼","所有职业",1,"BannerCondition#48",0,0,0,,64075,""
46,11,"拥抱","所有职业",1,"BannerCondition#1",0,0,0,,64077,""
47,11,"深情拥抱","所有职业",1,"BannerCondition#28",0,0,0,,64078,""
48,11,"抚摸","所有职业",1,"BannerCondition#1",0,0,0,,64067,""
49,11,"对拳","所有职业",1,"BannerCondition#112",0,0,0,,64080,""
50,11,"准备战斗","所有职业",1,"BannerCondition#10",0,0,0,,64085,""
51,11,"欢呼胜利","所有职业",1,"BannerCondition#11",0,0,0,,64086,""
52,11,"灵光一现","所有职业",1,"BannerCondition#49",0,0,0,,64089,""
53,11,"太棒了！","所有职业",1,"BannerCondition#12",0,0,0,,64091,""
54,0,,"",0,"BannerCondition#0",0,0,0,,0,""
55,11,"振作精神","所有职业",1,"BannerCondition#95",0,0,0,,64379,""
56,11,"优雅仙人刺","所有职业",1,"BannerCondition#50",0,0,0,,64381,""
57,11,"干杯","所有职业",1,"BannerCondition#51",0,0,0,,64386,""
58,11,"打响指","所有职业",1,"BannerCondition#52",0,0,0,,64389,""
59,0,,"",0,"BannerCondition#0",0,0,0,,0,""
60,11,"黑色陆行鸟之笔","所有职业",1,"BannerCondition#98",0,0,0,,64406,"陆行鸟之笔"
61,0,,"",0,"BannerCondition#0",0,0,0,,0,""
62,0,,"",0,"BannerCondition#0",0,0,0,,0,""
63,0,,"",0,"BannerCondition#0",0,0,0,,0,""
64,11,"摇头","所有职业",1,"BannerCondition#1",0,0,0,"ui/icon/001000/001500.tex",64024,""
65,11,"否定","所有职业",1,"BannerCondition#1",0,0,0,"ui/icon/001000/001501.tex",64025,""
66,11,"哭泣","所有职业",1,"BannerCondition#1",0,0,0,"ui/icon/001000/001502.tex",64010,""
67,11,"愤怒","所有职业",1,"BannerCondition#1",0,0,0,"ui/icon/001000/001503.tex",64003,""
68,11,"后悔","所有职业",1,"BannerCondition#1",0,0,0,"ui/icon/001000/001504.tex",64014,""
69,11,"慌张","所有职业",1,"BannerCondition#1",0,0,0,"ui/icon/001000/001505.tex",64026,""
70,11,"失望","所有职业",1,"BannerCondition#1",0,0,0,"ui/icon/001000/001506.tex",64040,""
71,11,"大失所望","所有职业",1,"BannerCondition#1",0,0,0,"ui/icon/001000/001507.tex",64053,""
72,11,"愠怒","所有职业",1,"BannerCondition#1",0,0,0,"ui/icon/001000/001508.tex",64038,""
73,11,"不满","所有职业",1,"BannerCondition#1",0,0,0,"ui/icon/001000/001509.tex",64002,""
74,11,"莫名","所有职业",1,"BannerCondition#1",0,0,0,"ui/icon/001000/001511.tex",64017,""
75,11,"震惊","所有职业",1,"BannerCondition#1",0,0,0,"ui/icon/001000/001512.tex",64032,""
76,11,"耸肩","所有职业",1,"BannerCondition#1",0,0,0,"ui/icon/001000/001513.tex",64033,""
77,11,"迷糊","所有职业",1,"BannerCondition#1",0,0,0,"ui/icon/001000/001514.tex",64036,""
78,11,"惊讶","所有职业",1,"BannerCondition#1",0,0,0,"ui/icon/001000/001515.tex",64001,""
79,11,"质疑","所有职业",1,"BannerCondition#1",0,0,0,"ui/icon/001000/001517.tex",64012,""
80,11,"下跪认错","所有职业",1,"BannerCondition#1",0,0,0,"ui/icon/001000/001518.tex",64051,""
81,11,"甩巴掌","所有职业",1,"BannerCondition#1",0,0,0,"ui/icon/001000/001519.tex",64076,""
82,11,"捂脸","所有职业",1,"BannerCondition#1",0,0,0,"ui/icon/001000/001520.tex",64326,""
83,11,"抱头","所有职业",1,"BannerCondition#1",0,0,0,"ui/icon/001000/001521.tex",64416,""
84,11,"大吃一惊","所有职业",1,"BannerCondition#42",0,0,0,"ui/icon/001000/001522.tex",64360,""
85,11,"头痛","所有职业",1,"BannerCondition#32",0,0,0,"ui/icon/001000/001523.tex",64387,""
86,11,"困惑","所有职业",1,"BannerCondition#54",0,0,0,"ui/icon/001000/001524.tex",64411,""
87,11,"摆造型","所有职业",1,"BannerCondition#1",0,0,0,"ui/icon/001000/001600.tex",64045,""
88,11,"肉体之美","所有职业",1,"BannerCondition#1",0,0,0,"ui/icon/001000/001601.tex",64328,""
89,11,"招手","所有职业",1,"BannerCondition#1",0,0,0,"ui/icon/001000/001603.tex",64008,""
90,11,"投掷","所有职业",1,"BannerCondition#14",0,0,0,"ui/icon/001000/001604.tex",64050,""
91,11,"递交","所有职业",1,"BannerCondition#1",0,0,0,"ui/icon/001000/001605.tex",64073,""
92,11,"思考","所有职业",1,"BannerCondition#1",0,0,0,"ui/icon/001000/001606.tex",64039,""
93,11,"自视","所有职业",1,"BannerCondition#1",0,0,0,"ui/icon/001000/001607.tex",64044,""
94,11,"打盹","所有职业",1,"BannerCondition#1",0,0,0,"ui/icon/001000/001608.tex",64013,""
95,11,"指向","所有职业",1,"BannerCondition#1",0,0,0,"ui/icon/001000/001609.tex",64027,""
96,11,"戳指","所有职业",1,"BannerCondition#1",0,0,0,"ui/icon/001000/001610.tex",64028,""
97,11,"伸展","所有职业",1,"BannerCondition#1",0,0,0,"ui/icon/001000/001611.tex",64037,""
98,11,"张望","所有职业",1,"BannerCondition#1",0,0,0,"ui/icon/001000/001612.tex",64022,""
99,11,"引用","所有职业",1,"BannerCondition#1",0,0,0,"ui/icon/001000/001613.tex",64063,""
100,11,"展示","所有职业",1,"BannerCondition#1",0,0,0,"ui/icon/001000/001614.tex",64023,""
101,11,"后空翻","所有职业",1,"BannerCondition#56",0,0,0,"ui/icon/001000/001700.tex",64087,""
102,11,"热身","所有职业",1,"BannerCondition#57",0,0,0,"ui/icon/001000/001701.tex",64092,""
103,11,"撒娇","所有职业",1,"BannerCondition#58",0,0,0,"ui/icon/001000/001702.tex",64330,""
104,11,"托眼镜","所有职业",1,"BannerCondition#15",0,0,0,"ui/icon/001000/001703.tex",64335,""
105,11,"蓄力迸发","所有职业",1,"BannerCondition#59",0,0,0,"ui/icon/001000/001704.tex",64339,""
106,11,"说话","所有职业",1,"BannerCondition#1",0,0,0,"ui/icon/001000/001705.tex",64345,""
107,11,"说明","所有职业",1,"BannerCondition#119",0,0,0,"ui/icon/001000/001706.tex",64369,""
108,11,"嘘","所有职业",1,"BannerCondition#16",0,0,0,"ui/icon/001000/001707.tex",64412,""
109,11,"练武","所有职业",1,"BannerCondition#60",0,0,0,"ui/icon/001000/001708.tex",64353,""
110,11,"神典石","所有职业",1,"BannerCondition#55",233,234,792,"ui/icon/001000/001710.tex",64375,""
111,11,"坚持主张","所有职业",1,"BannerCondition#35",0,0,0,"ui/icon/001000/001711.tex",64393,""
112,11,"吃面包","所有职业",1,"BannerCondition#36",0,0,0,"ui/icon/001000/001712.tex",64390,""
113,11,"吃饭团","所有职业",1,"BannerCondition#37",0,0,0,"ui/icon/001000/001713.tex",64402,""
114,11,"吃苹果","所有职业",1,"BannerCondition#103",0,0,0,"ui/icon/001000/001714.tex",64403,""
115,11,"吃披萨","所有职业",1,"BannerCondition#61",0,0,0,"ui/icon/001000/001715.tex",64413,""
116,11,"吃水煮蛋","所有职业",1,"BannerCondition#62",0,0,0,"ui/icon/001000/001716.tex",64417,""
117,11,"饮用红茶","所有职业",1,"BannerCondition#63",0,0,0,"ui/icon/001000/001720.tex",64418,""
118,11,"看书","所有职业",1,"BannerCondition#38",0,0,0,"ui/icon/001000/001722.tex",64391,""
119,11,"疑问","所有职业",1,"BannerCondition#64",0,0,0,"ui/icon/001000/001724.tex",64392,""
120,11,"击掌","所有职业",1,"BannerCondition#39",0,0,0,"ui/icon/001000/001725.tex",64397,""
121,11,"默剧","所有职业",1,"BannerCondition#65",0,0,0,"ui/icon/001000/001726.tex",64410,""
122,11,"亮出武器","所有职业",1,"BannerCondition#121",0,0,0,"ui/icon/001000/001800.tex",64423,""
123,11,"收回武器","所有职业",1,"BannerCondition#122",0,0,0,"ui/icon/001000/001801.tex",64422,""
124,11,"踢踏舞","所有职业",1,"BannerCondition#17",0,0,0,,64069,""
125,11,"丰饶之舞","所有职业",1,"BannerCondition#18",0,0,0,,64070,""
126,11,"宫廷之舞","所有职业",1,"BannerCondition#19",0,0,0,,64071,""
127,11,"绅士之舞","所有职业",1,"BannerCondition#20",0,0,0,,64072,""
128,11,"火盆舞","所有职业",1,"BannerCondition#66",0,0,0,,64074,""
129,10,,"所有职业",1,"BannerCondition#21",0,0,0,,64079,""
130,11,"萨维奈舞","所有职业",1,"BannerCondition#29",0,0,0,,64082,""
131,11,"黄金之舞","所有职业",1,"BannerCondition#30",0,0,0,,64083,""
132,11,"太阳之舞","所有职业",1,"BannerCondition#22",0,0,0,,64084,""
133,11,"日月之舞","所有职业",1,"BannerCondition#23",0,0,0,,64333,""
134,11,"莫古莫古舞","所有职业",1,"BannerCondition#24",0,0,0,,64090,""
135,10,,"所有职业",1,"BannerCondition#67",0,0,0,,64094,""
136,10,,"所有职业",1,"BannerCondition#68",0,0,0,,64097,""
137,10,,"所有职业",1,"BannerCondition#69",0,0,0,,64095,""
138,10,,"所有职业",1,"BannerCondition#70",0,0,0,,64098,""
139,10,,"所有职业",1,"BannerCondition#71",0,0,0,,64096,""
140,10,,"所有职业",1,"BannerCondition#72",0,0,0,,64099,""
141,11,"东方传统舞蹈","所有职业",1,"BannerCondition#73",0,0,0,,64093,""
142,11,"小黄莺之舞","所有职业",1,"BannerCondition#74",0,0,0,,64336,""
143,11,"祝祷","所有职业",1,"BannerCondition#105",0,0,0,,64349,""
144,11,"魅惑拥抱","所有职业",1,"BannerCondition#106",0,0,0,,64354,""
145,0,,"",0,"BannerCondition#0",0,0,0,,0,""
146,0,,"",0,"BannerCondition#0",0,0,0,,0,""
147,0,,"",0,"BannerCondition#0",0,0,0,,0,""
148,11,"胡鹰之舞","所有职业",1,"BannerCondition#107",0,0,0,,64365,""
149,11,"方形步","所有职业",1,"BannerCondition#78",0,0,0,,64362,""
150,11,"侧步","所有职业",1,"BannerCondition#79",0,0,0,,64363,""
151,11,"幻想舞步","所有职业",1,"BannerCondition#80",0,0,0,,64370,""
152,11,"波波托步","所有职业",1,"BannerCondition#81",0,0,0,,64371,""
153,11,"趾踵步","所有职业",1,"BannerCondition#82",0,0,0,,64376,""
154,11,"古菩步","所有职业",1,"BannerCondition#83",0,0,0,,64377,""
155,11,"哼歌","所有职业",1,"BannerCondition#25",0,0,0,,64372,""
156,11,"绅士舞步","所有职业",1,"BannerCondition#26",0,0,0,,64382,""
157,11,"嘿哟","所有职业",1,"BannerCondition#84",0,0,0,,64394,""
158,11,"火焰之舞","所有职业",1,"BannerCondition#85",0,0,0,,64396,""
159,11,"蜜蜂之舞","所有职业",1,"BannerCondition#31",0,0,0,,64400,""
160,11,"啦哩吼舞","所有职业",1,"BannerCondition#108",0,0,0,,64401,""
161,11,"深蹲","所有职业",1,"BannerCondition#113",0,0,0,,64341,""
162,11,"俯卧撑","所有职业",1,"BannerCondition#114",0,0,0,,64342,""
163,11,"仰卧起坐","所有职业",1,"BannerCondition#115",0,0,0,,64343,""
164,11,"深呼吸","所有职业",1,"BannerCondition#116",0,0,0,,64344,""
165,11,"立正","所有职业",1,"BannerCondition#117",0,0,0,,64346,""
166,11,"稍息","所有职业",1,"BannerCondition#118",0,0,0,,64347,""
167,11,"练拳","所有职业",1,"BannerCondition#27",0,0,0,,64348,""
168,11,"好热","所有职业",1,"BannerCondition#43",0,0,0,,64367,""
169,11,"好冷","所有职业",1,"BannerCondition#96",0,0,0,,64368,""
170,11,"害怕","所有职业",1,"BannerCondition#33",0,0,0,,64358,""
171,11,"单膝跪地","所有职业",1,"BannerCondition#34",0,0,0,,64359,""
172,11,"确认","所有职业",1,"BannerCondition#102",0,0,0,,64373,""
173,11,"说明计划","所有职业",1,"BannerCondition#97",0,0,0,,64374,""
174,11,"提醒","所有职业",1,"BannerCondition#123",0,0,0,,64380,""
175,0,,"",0,"BannerCondition#0",0,0,0,,0,""
176,11,"背靠","所有职业",1,"BannerCondition#40",0,0,0,,64388,""
177,11,"巡视","所有职业",1,"BannerCondition#44",0,0,0,,64398,""
178,11,"诅咒","所有职业",1,"BannerCondition#45",0,0,0,,64399,""
179,11,"搓手","所有职业",1,"BannerCondition#104",0,0,0,,64404,""
180,11,"扫地","所有职业",1,"BannerCondition#41",0,0,0,,64405,""
181,11,"展现右侧","所有职业",1,"BannerCondition#87",0,0,0,,64420,""
182,11,"展现左侧","所有职业",1,"BannerCondition#88",0,0,0,,64421,""
183,11,"斩铁剑","所有职业",1,"BannerCondition#89",0,0,0,,64327,""
184,11,"寒冰的幻想","所有职业",1,"BannerCondition#90",0,0,0,,64332,""
185,11,"百万核爆","所有职业",1,"BannerCondition#91",0,0,0,,64352,""
186,11,"究极","所有职业",1,"BannerCondition#92",0,0,0,,64364,""
187,0,,"",0,"BannerCondition#0",0,0,0,,0,""
188,0,,"",0,"BannerCondition#0",0,0,0,,0,""
189,0,,"",0,"BannerCondition#0",0,0,0,,0,""
190,0,,"",0,"BannerCondition#0",0,0,0,,0,""
191,0,,"",0,"BannerCondition#0",0,0,0,,0,""
192,0,,"",0,"BannerCondition#0",0,0,0,,0,""
193,0,,"",0,"BannerCondition#0",0,0,0,,0,""
194,0,,"",0,"BannerCondition#0",0,0,0,,0,""
195,0,,"",0,"BannerCondition#0",0,0,0,,0,""
196,0,,"",0,"BannerCondition#0",0,0,0,,0,""
197,0,,"",0,"BannerCondition#0",0,0,0,,0,""
198,0,,"",0,"BannerCondition#0",0,0,0,,0,""
199,0,,"",0,"BannerCondition#0",0,0,0,,0,""
200,0,,"",0,"BannerCondition#0",0,0,0,,0,""
201,0,,"",0,"BannerCondition#0",0,0,0,,0,""
202,0,,"",0,"BannerCondition#0",0,0,0,,0,""
203,0,,"",0,"BannerCondition#0",0,0,0,,0,""
204,0,,"",0,"BannerCondition#0",0,0,0,,0,""
205,0,,"",0,"BannerCondition#0",0,0,0,,0,""
206,0,,"",0,"BannerCondition#0",0,0,0,,0,""
207,0,,"",0,"BannerCondition#0",0,0,0,,0,""
208,0,,"",0,"BannerCondition#0",0,0,0,,0,""
209,0,,"",0,"BannerCondition#0",0,0,0,,0,""
210,0,,"",0,"BannerCondition#0",0,0,0,,0,""
211,0,,"",0,"BannerCondition#0",0,0,0,,0,""
212,20,"gather/idle","采矿工、园艺工",3,"BannerCondition#1",0,0,0,"ui/icon/006000/006100.tex",82096,"准备采集"
213,0,,"",0,"BannerCondition#0",0,0,0,,0,""
214,0,,"",0,"BannerCondition#0",0,0,0,,0,""
215,0,,"",0,"BannerCondition#0",0,0,0,,0,""
216,0,,"",0,"BannerCondition#0",0,0,0,,0,""
217,0,,"",0,"BannerCondition#0",0,0,0,,0,""
218,20,"fishing/idle","捕鱼人",3,"BannerCondition#1",0,0,0,"ui/icon/006000/006200.tex",62118,"拿起捕鱼工具"
219,20,"fishing/retrieve_idle","捕鱼人",3,"BannerCondition#1",0,0,0,"ui/icon/006000/006201.tex",62118,"准备捕鱼"
220,0,,"",0,"BannerCondition#0",0,0,0,,0,""
221,0,,"",0,"BannerCondition#0",0,0,0,,0,""
222,0,,"",0,"BannerCondition#0",0,0,0,,0,""
223,0,,"",0,"BannerCondition#0",0,0,0,,0,""
224,0,,"",0,"BannerCondition#0",0,0,0,,0,""
225,0,,"",0,"BannerCondition#0",0,0,0,,0,""
226,0,,"",0,"BannerCondition#0",0,0,0,,0,""
227,0,,"",0,"BannerCondition#0",0,0,0,,0,""
228,0,,"",0,"BannerCondition#0",0,0,0,,0,""
229,0,,"",0,"BannerCondition#0",0,0,0,,0,""
230,0,,"",0,"BannerCondition#0",0,0,0,,0,""
231,0,,"",0,"BannerCondition#0",0,0,0,,0,""
232,0,,"",0,"BannerCondition#0",0,0,0,,0,""
233,0,,"",0,"BannerCondition#0",0,0,0,,0,""
234,0,,"",0,"BannerCondition#0",0,0,0,,0,""
235,0,,"",0,"BannerCondition#0",0,0,0,,0,""
236,0,,"",0,"BannerCondition#0",0,0,0,,0,""
237,0,,"",0,"BannerCondition#0",0,0,0,,0,""
238,0,,"",0,"BannerCondition#0",0,0,0,,0,""
239,0,,"",0,"BannerCondition#0",0,0,0,,0,""
240,0,,"",0,"BannerCondition#0",0,0,0,,0,""
241,0,,"",0,"BannerCondition#0",0,0,0,,0,""
242,2,"列阵","骑士",2,"BannerCondition#124",0,0,0,"ui/icon/004000/004000.tex",62119,""
243,2,"原初的怒号","战士",2,"BannerCondition#125",0,0,0,"ui/icon/004000/004010.tex",62121,""
244,2,"夜昏","暗黑骑士",2,"BannerCondition#126",0,0,0,"ui/icon/004000/004020.tex",62132,""
245,2,"终结击","绝枪战士",2,"BannerCondition#127",0,0,0,"ui/icon/004000/004032.tex",62137,""
246,2,"涤罪之心","白魔法师",2,"BannerCondition#128",0,0,0,"ui/icon/004000/004040.tex",62124,""
247,2,"炽天召唤","学者",2,"BannerCondition#129",0,0,0,"ui/icon/004000/004050.tex",62128,""
248,2,"星河漫天","占星术士",2,"BannerCondition#130",0,0,0,"ui/icon/004000/004060.tex",62133,""
249,2,"中庸之道","贤者",2,"BannerCondition#131",0,0,0,"ui/icon/004000/004070.tex",62140,""
250,2,"陨石冲击","武僧",2,"BannerCondition#132",0,0,0,"ui/icon/004000/004080.tex",62120,""
251,2,"天穹破碎","龙骑士",2,"BannerCondition#133",0,0,0,"ui/icon/004000/004100.tex",62122,""
252,20,"ability/pvp_common/abl040","忍者",2,"BannerCondition#134",0,0,0,"ui/icon/004000/004110.tex",62130,"星遁天诛"
253,20,"ability/pvp_common/abl039","武士",2,"BannerCondition#135",0,0,0,"ui/icon/004000/004120.tex",62134,"斩铁剑"
254,20,"ability/pvp_common/abl038","钐镰客",2,"BannerCondition#136",0,0,0,"ui/icon/004000/004130.tex",62139,"暗夜游魂"
255,2,"英雄的幻想曲","吟游诗人",2,"BannerCondition#137",0,0,0,"ui/icon/004000/004140.tex",62123,""
256,2,"魔弹射手","机工士",2,"BannerCondition#138",0,0,0,"ui/icon/004000/004150.tex",62131,""
257,2,"行列舞","舞者",2,"BannerCondition#139",0,0,0,"ui/icon/004000/004160.tex",62138,""
258,2,"灵魂共鸣","黑魔法师",2,"BannerCondition#140",0,0,0,"ui/icon/004000/004170.tex",62125,""
259,2,"龙神召唤","召唤师",2,"BannerCondition#141",0,0,0,"ui/icon/004000/004180.tex",62127,""
260,2,"不死鸟召唤","召唤师",2,"BannerCondition#141",0,0,0,"ui/icon/004000/004181.tex",62127,""
261,2,"南天十字","赤魔法师",2,"BannerCondition#142",0,0,0,"ui/icon/004000/004190.tex",62135,""
262,11,"观战","所有职业",1,"BannerCondition#345",0,0,0,,64426,""
263,11,"通讯珠","所有职业",1,"BannerCondition#408",0,0,0,"ui/icon/001000/001726.tex",64429,""
264,11,"摇兔兔耳","所有职业",1,"BannerCondition#470",0,0,0,,64430,""
265,11,"手抚胸","所有职业",1,"BannerCondition#471",0,0,0,"ui/icon/001000/001112.tex",64438,""
266,11,"比对文献","所有职业",1,"BannerCondition#532",0,0,0,"ui/icon/001000/001723.tex",64444,""
267,11,"垂头丧气","所有职业",1,"BannerCondition#533",0,0,0,,64447,""
268,11,"吃恋人巧克力","所有职业",1,"BannerCondition#627",0,0,0,"ui/icon/001000/001718.tex",64415,""
269,11,"叛逆精神","所有职业",1,"BannerCondition#628",0,0,0,"ui/icon/001000/001510.tex",64424,""
270,11,"两眼放光","所有职业",1,"BannerCondition#629",0,0,0,,64425,""
271,11,"吃南瓜曲奇","所有职业",1,"BannerCondition#630",0,0,0,"ui/icon/001000/001717.tex",64414,""
272,11,"公主之舞","所有职业",1,"BannerCondition#631",0,0,0,"ui/icon/001000/001709.tex",64428,""
273,11,"吓唬人","所有职业",1,"BannerCondition#632",0,0,0,"ui/icon/001000/001516.tex",64431,""
274,11,"雀跃1","所有职业",1,"BannerCondition#633",0,0,0,,64433,""
275,11,"雀跃2","所有职业",1,"BannerCondition#634",0,0,0,,64434,""
276,11,"雀跃3","所有职业",1,"BannerCondition#635",0,0,0,,64435,""
277,11,"雀跃4","所有职业",1,"BannerCondition#636",0,0,0,,64436,""
278,11,"雀跃5","所有职业",1,"BannerCondition#637",0,0,0,,64437,""
279,11,"兔兔舞","所有职业",1,"BannerCondition#638",0,0,0,,64443,""
280,11,"吃炸鸡","所有职业",1,"BannerCondition#639",0,0,0,"ui/icon/001000/001719.tex",64445,""
281,11,"比心","所有职业",1,"BannerCondition#640",0,0,0,,64448,""
282,11,"得意洋洋","所有职业",1,"BannerCondition#641",0,0,0,,64449,""
283,11,"大获全胜","所有职业",1,"BannerCondition#642",0,0,0,,64450,""
284,2,"吞天巨蛇","蝰蛇剑士",2,"BannerCondition#681",0,0,0,"ui/icon/004000/004131.tex",62141,""
285,2,"胖胖之墙","绘灵法师",2,"BannerCondition#682",0,0,0,"ui/icon/004000/004200.tex",62142,""
286,0,,"",0,"BannerCondition#0",0,0,0,,0,""
287,11,"守护天节的魔咒","所有职业",1,"BannerCondition#720",0,0,0,,64442,""
288,11,"煎蛋","所有职业",1,"BannerCondition#816",0,0,0,"ui/icon/001000/001721.tex",64451,""
289,11,"威光降临","所有职业",1,"BannerCondition#707",0,0,0,"ui/icon/001000/001727.tex",64432,""
290,0,,"",0,"BannerCondition#0",0,0,0,,0,""
291,0,,"",0,"BannerCondition#0",0,0,0,,0,""
292,0,,"",0,"BannerCondition#0",0,0,0,,0,""
293,0,,"",0,"BannerCondition#0",0,0,0,,0,""
294,0,,"",0,"BannerCondition#0",0,0,0,,0,""
295,11,"扇大团扇","所有职业",1,"BannerCondition#721",0,0,0,,64452,""
296,11,"待命","所有职业",1,"BannerCondition#722",0,0,0,,64453,""
297,11,"浇水","所有职业",1,"BannerCondition#723",0,0,0,,64454,""
298,11,"调饮","所有职业",1,"BannerCondition#724",0,0,0,,64455,""
299,11,"象征自由的姿势","所有职业",1,"BannerCondition#725",0,0,0,"ui/icon/001000/001602.tex",64456,""
300,11,"赠送花束","所有职业",1,"BannerCondition#726",0,0,0,,64457,""
301,0,,"",0,"BannerCondition#0",0,0,0,,0,""
302,11,"噢霍卡利","所有职业",1,"BannerCondition#727",0,0,0,"ui/icon/001000/001012.tex",64459,""
303,11,"拍照","所有职业",1,"BannerCondition#1",0,0,0,"ui/icon/001000/001728.tex",64461,""
304,11,"用触控板记录","所有职业",1,"BannerCondition#817",0,0,0,"ui/icon/001000/001728.tex",64460,""
305,11,"大惊小怪","所有职业",1,"BannerCondition#818",0,0,0,"ui/icon/001000/001525.tex",64462,""
306,11,"转圈","所有职业",1,"BannerCondition#819",0,0,0,"ui/icon/001000/001729.tex",64463,""
307,11,"晕头转向","所有职业",1,"BannerCondition#820",0,0,0,,64464,""
308,11,"气得发抖","所有职业",1,"BannerCondition#821",0,0,0,,64465,""
309,0,,"",0,"BannerCondition#0",0,0,0,,0,""
310,0,,"",0,"BannerCondition#0",0,0,0,,0,""
311,0,,"",0,"BannerCondition#0",0,0,0,,0,""
312,0,,"",0,"BannerCondition#0",0,0,0,,0,""
313,0,,"",0,"BannerCondition#0",0,0,0,,0,""
314,0,,"",0,"BannerCondition#0",0,0,0,,0,""
315,0,,"",0,"BannerCondition#0",0,0,0,,0,""
316,0,,"",0,"BannerCondition#0",0,0,0,,0,""
317,0,,"",0,"BannerCondition#0",0,0,0,,0,""
318,0,,"",0,"BannerCondition#0",0,0,0,,0,""
319,0,,"",0,"BannerCondition#0",0,0,0,,0,""
320,0,,"",0,"BannerCondition#0",0,0,0,,0,""
321,0,,"",0,"BannerCondition#0",0,0,0,,0,""
322,0,,"",0,"BannerCondition#0",0,0,0,,0,""
323,0,,"",0,"BannerCondition#0",0,0,0,,0,""
324,0,,"",0,"BannerCondition#0",0,0,0,,0,""
325,0,,"",0,"BannerCondition#0",0,0,0,,0,""
326,0,,"",0,"BannerCondition#0",0,0,0,,0,""
327,0,,"",0,"BannerCondition#0",0,0,0,,0,""
328,0,,"",0,"BannerCondition#0",0,0,0,,0,""
329,0,,"",0,"BannerCondition#0",0,0,0,,0,""
330,0,,"",0,"BannerCondition#0",0,0,0,,0,""
331,0,,"",0,"BannerCondition#0",0,0,0,,0,""
332,0,,"",0,"BannerCondition#0",0,0,0,,0,""
333,0,,"",0,"BannerCondition#0",0,0,0,,0,""
334,0,,"",0,"BannerCondition#0",0,0,0,,0,""
335,0,,"",0,"BannerCondition#0",0,0,0,,0,""
336,0,,"",0,"BannerCondition#0",0,0,0,,0,""
337,0,,"",0,"BannerCondition#0",0,0,0,,0,""
338,0,,"",0,"BannerCondition#0",0,0,0,,0,""
339,0,,"",0,"BannerCondition#0",0,0,0,,0,""
340,0,,"",0,"BannerCondition#0",0,0,0,,0,""
341,0,,"",0,"BannerCondition#0",0,0,0,,0,""
342,0,,"",0,"BannerCondition#0",0,0,0,,0,""
343,0,,"",0,"BannerCondition#0",0,0,0,,0,""
344,0,,"",0,"BannerCondition#0",0,0,0,,0,""
345,0,,"",0,"BannerCondition#0",0,0,0,,0,""
346,0,,"",0,"BannerCondition#0",0,0,0,,0,""
347,0,,"",0,"BannerCondition#0",0,0,0,,0,""
348,0,,"",0,"BannerCondition#0",0,0,0,,0,""
349,0,,"",0,"BannerCondition#0",0,0,0,,0,""
350,0,,"",0,"BannerCondition#0",0,0,0,,0,""
