key,0,1,2,3,4,5,6,7,8,9,10,11,12,13
#,,GlassesStyle,Icon,,Singular,,Plural,,,,,,Description,Name
int32,uint32,GlassesStyle,Image,uint16,str,sbyte,str,sbyte,sbyte,sbyte,sbyte,sbyte,str,str
0,0,,,0,"",0,"",0,0,1,0,0,"",""
1,71037,"椭圆眼镜","ui/icon/200000/200049.tex",0,"椭圆眼镜",0,"",0,0,1,0,0,"基础色的面部配饰。","椭圆眼镜"
2,136573,"椭圆眼镜","ui/icon/200000/200053.tex",0,"银框椭圆眼镜",0,"",0,0,1,0,0,"银色的面部配饰。","银框椭圆眼镜"
3,202109,"椭圆眼镜","ui/icon/200000/200052.tex",0,"金框椭圆眼镜",0,"",0,0,1,0,0,"金色的面部配饰。","金框椭圆眼镜"
4,267645,"椭圆眼镜","ui/icon/200000/200054.tex",0,"黑框椭圆眼镜",0,"",0,0,1,0,0,"黑色的面部配饰。","黑框椭圆眼镜"
5,333181,"椭圆眼镜","ui/icon/200000/200059.tex",0,"白框椭圆眼镜",0,"",0,0,1,0,0,"白色的面部配饰。","白框椭圆眼镜"
6,398717,"椭圆眼镜","ui/icon/200000/200050.tex",0,"灰框椭圆眼镜",0,"",0,0,1,0,0,"灰色的面部配饰。","灰框椭圆眼镜"
7,464253,"椭圆眼镜","ui/icon/200000/200057.tex",0,"红框椭圆眼镜",0,"",0,0,1,0,0,"红色的面部配饰。","红框椭圆眼镜"
8,529789,"椭圆眼镜","ui/icon/200000/200056.tex",0,"蓝框椭圆眼镜",0,"",0,0,1,0,0,"蓝色的面部配饰。","蓝框椭圆眼镜"
9,595325,"椭圆眼镜","ui/icon/200000/200060.tex",0,"绿框椭圆眼镜",0,"",0,0,1,0,0,"绿色的面部配饰。","绿框椭圆眼镜"
10,660861,"椭圆眼镜","ui/icon/200000/200051.tex",0,"铜框椭圆眼镜",0,"",0,0,1,0,0,"铜色的面部配饰。","铜框椭圆眼镜"
11,726397,"椭圆眼镜","ui/icon/200000/200055.tex",0,"紫框椭圆眼镜",0,"",0,0,1,0,0,"紫色的面部配饰。","紫框椭圆眼镜"
12,791933,"椭圆眼镜","ui/icon/200000/200058.tex",0,"棕框椭圆眼镜",0,"",0,0,1,0,0,"棕色的面部配饰。","棕框椭圆眼镜"
13,71038,"金边墨镜","ui/icon/200000/200085.tex",0,"金边墨镜",0,"",0,0,1,0,0,"基础色的面部配饰。","金边墨镜"
14,136574,"金边墨镜","ui/icon/200000/200089.tex",0,"银框金边墨镜",0,"",0,0,1,0,0,"银色的面部配饰。","银框金边墨镜"
15,202110,"金边墨镜","ui/icon/200000/200088.tex",0,"金框金边墨镜",0,"",0,0,1,0,0,"金色的面部配饰。","金框金边墨镜"
16,267646,"金边墨镜","ui/icon/200000/200090.tex",0,"黑框金边墨镜",0,"",0,0,1,0,0,"黑色的面部配饰。","黑框金边墨镜"
17,333182,"金边墨镜","ui/icon/200000/200095.tex",0,"白框金边墨镜",0,"",0,0,1,0,0,"白色的面部配饰。","白框金边墨镜"
18,398718,"金边墨镜","ui/icon/200000/200086.tex",0,"灰框金边墨镜",0,"",0,0,1,0,0,"灰色的面部配饰。","灰框金边墨镜"
19,464254,"金边墨镜","ui/icon/200000/200093.tex",0,"红框金边墨镜",0,"",0,0,1,0,0,"红色的面部配饰。","红框金边墨镜"
20,529790,"金边墨镜","ui/icon/200000/200092.tex",0,"蓝框金边墨镜",0,"",0,0,1,0,0,"蓝色的面部配饰。","蓝框金边墨镜"
21,595326,"金边墨镜","ui/icon/200000/200096.tex",0,"绿框金边墨镜",0,"",0,0,1,0,0,"绿色的面部配饰。","绿框金边墨镜"
22,660862,"金边墨镜","ui/icon/200000/200087.tex",0,"铜框金边墨镜",0,"",0,0,1,0,0,"铜色的面部配饰。","铜框金边墨镜"
23,726398,"金边墨镜","ui/icon/200000/200091.tex",0,"紫框金边墨镜",0,"",0,0,1,0,0,"紫色的面部配饰。","紫框金边墨镜"
24,791934,"金边墨镜","ui/icon/200000/200094.tex",0,"棕框金边墨镜",0,"",0,0,1,0,0,"棕色的面部配饰。","棕框金边墨镜"
25,71039,"经典眼镜","ui/icon/200000/200061.tex",0,"经典眼镜",0,"",0,0,1,0,0,"基础色的面部配饰。","经典眼镜"
26,136575,"经典眼镜","ui/icon/200000/200065.tex",0,"银框经典眼镜",0,"",0,0,1,0,0,"银色的面部配饰。","银框经典眼镜"
27,202111,"经典眼镜","ui/icon/200000/200064.tex",0,"金框经典眼镜",0,"",0,0,1,0,0,"金色的面部配饰。","金框经典眼镜"
28,267647,"经典眼镜","ui/icon/200000/200066.tex",0,"黑框经典眼镜",0,"",0,0,1,0,0,"黑色的面部配饰。","黑框经典眼镜"
29,333183,"经典眼镜","ui/icon/200000/200071.tex",0,"白框经典眼镜",0,"",0,0,1,0,0,"白色的面部配饰。","白框经典眼镜"
30,398719,"经典眼镜","ui/icon/200000/200062.tex",0,"灰框经典眼镜",0,"",0,0,1,0,0,"灰色的面部配饰。","灰框经典眼镜"
31,464255,"经典眼镜","ui/icon/200000/200069.tex",0,"红框经典眼镜",0,"",0,0,1,0,0,"红色的面部配饰。","红框经典眼镜"
32,529791,"经典眼镜","ui/icon/200000/200068.tex",0,"蓝框经典眼镜",0,"",0,0,1,0,0,"蓝色的面部配饰。","蓝框经典眼镜"
33,595327,"经典眼镜","ui/icon/200000/200072.tex",0,"绿框经典眼镜",0,"",0,0,1,0,0,"绿色的面部配饰。","绿框经典眼镜"
34,660863,"经典眼镜","ui/icon/200000/200063.tex",0,"铜框经典眼镜",0,"",0,0,1,0,0,"铜色的面部配饰。","铜框经典眼镜"
35,726399,"经典眼镜","ui/icon/200000/200067.tex",0,"紫框经典眼镜",0,"",0,0,1,0,0,"紫色的面部配饰。","紫框经典眼镜"
36,791935,"经典眼镜","ui/icon/200000/200070.tex",0,"棕框经典眼镜",0,"",0,0,1,0,0,"棕色的面部配饰。","棕框经典眼镜"
37,71040,"玫瑰色眼镜","ui/icon/200000/200013.tex",0,"玫瑰色眼镜",0,"",0,0,1,0,0,"基础色的面部配饰。","玫瑰色眼镜"
38,136576,"玫瑰色眼镜","ui/icon/200000/200017.tex",0,"银框玫瑰色眼镜",0,"",0,0,1,0,0,"银色的面部配饰。","银框玫瑰色眼镜"
39,202112,"玫瑰色眼镜","ui/icon/200000/200016.tex",0,"金框玫瑰色眼镜",0,"",0,0,1,0,0,"金色的面部配饰。","金框玫瑰色眼镜"
40,267648,"玫瑰色眼镜","ui/icon/200000/200018.tex",0,"黑框玫瑰色眼镜",0,"",0,0,1,0,0,"黑色的面部配饰。","黑框玫瑰色眼镜"
41,333184,"玫瑰色眼镜","ui/icon/200000/200023.tex",0,"白框玫瑰色眼镜",0,"",0,0,1,0,0,"白色的面部配饰。","白框玫瑰色眼镜"
42,398720,"玫瑰色眼镜","ui/icon/200000/200014.tex",0,"灰框玫瑰色眼镜",0,"",0,0,1,0,0,"灰色的面部配饰。","灰框玫瑰色眼镜"
43,464256,"玫瑰色眼镜","ui/icon/200000/200021.tex",0,"红框玫瑰色眼镜",0,"",0,0,1,0,0,"红色的面部配饰。","红框玫瑰色眼镜"
44,529792,"玫瑰色眼镜","ui/icon/200000/200020.tex",0,"蓝框玫瑰色眼镜",0,"",0,0,1,0,0,"蓝色的面部配饰。","蓝框玫瑰色眼镜"
45,595328,"玫瑰色眼镜","ui/icon/200000/200024.tex",0,"绿框玫瑰色眼镜",0,"",0,0,1,0,0,"绿色的面部配饰。","绿框玫瑰色眼镜"
46,660864,"玫瑰色眼镜","ui/icon/200000/200015.tex",0,"铜框玫瑰色眼镜",0,"",0,0,1,0,0,"铜色的面部配饰。","铜框玫瑰色眼镜"
47,726400,"玫瑰色眼镜","ui/icon/200000/200019.tex",0,"紫框玫瑰色眼镜",0,"",0,0,1,0,0,"紫色的面部配饰。","紫框玫瑰色眼镜"
48,791936,"玫瑰色眼镜","ui/icon/200000/200022.tex",0,"棕框玫瑰色眼镜",0,"",0,0,1,0,0,"棕色的面部配饰。","棕框玫瑰色眼镜"
49,71041,"基础款眼镜","ui/icon/200000/200001.tex",0,"基础款眼镜",0,"",0,0,1,0,0,"基础色的面部配饰。","基础款眼镜"
50,136577,"基础款眼镜","ui/icon/200000/200005.tex",0,"银框基础款眼镜",0,"",0,0,1,0,0,"银色的面部配饰。","银框基础款眼镜"
51,202113,"基础款眼镜","ui/icon/200000/200004.tex",0,"金框基础款眼镜",0,"",0,0,1,0,0,"金色的面部配饰。","金框基础款眼镜"
52,267649,"基础款眼镜","ui/icon/200000/200006.tex",0,"黑框基础款眼镜",0,"",0,0,1,0,0,"黑色的面部配饰。","黑框基础款眼镜"
53,333185,"基础款眼镜","ui/icon/200000/200011.tex",0,"白框基础款眼镜",0,"",0,0,1,0,0,"白色的面部配饰。","白框基础款眼镜"
54,398721,"基础款眼镜","ui/icon/200000/200002.tex",0,"灰框基础款眼镜",0,"",0,0,1,0,0,"灰色的面部配饰。","灰框基础款眼镜"
55,464257,"基础款眼镜","ui/icon/200000/200009.tex",0,"红框基础款眼镜",0,"",0,0,1,0,0,"红色的面部配饰。","红框基础款眼镜"
56,529793,"基础款眼镜","ui/icon/200000/200008.tex",0,"蓝框基础款眼镜",0,"",0,0,1,0,0,"蓝色的面部配饰。","蓝框基础款眼镜"
57,595329,"基础款眼镜","ui/icon/200000/200012.tex",0,"绿框基础款眼镜",0,"",0,0,1,0,0,"绿色的面部配饰。","绿框基础款眼镜"
58,660865,"基础款眼镜","ui/icon/200000/200003.tex",0,"铜框基础款眼镜",0,"",0,0,1,0,0,"铜色的面部配饰。","铜框基础款眼镜"
59,726401,"基础款眼镜","ui/icon/200000/200007.tex",0,"紫框基础款眼镜",0,"",0,0,1,0,0,"紫色的面部配饰。","紫框基础款眼镜"
60,791937,"基础款眼镜","ui/icon/200000/200010.tex",0,"棕框基础款眼镜",0,"",0,0,1,0,0,"棕色的面部配饰。","棕框基础款眼镜"
61,71042,"单眼镜","ui/icon/200000/200025.tex",0,"单眼镜",0,"",0,0,1,0,0,"基础色的面部配饰。","单眼镜"
62,136578,"单眼镜","ui/icon/200000/200029.tex",0,"银框单眼镜",0,"",0,0,1,0,0,"银色的面部配饰。","银框单眼镜"
63,202114,"单眼镜","ui/icon/200000/200028.tex",0,"金框单眼镜",0,"",0,0,1,0,0,"金色的面部配饰。","金框单眼镜"
64,267650,"单眼镜","ui/icon/200000/200030.tex",0,"黑框单眼镜",0,"",0,0,1,0,0,"黑色的面部配饰。","黑框单眼镜"
65,333186,"单眼镜","ui/icon/200000/200035.tex",0,"白框单眼镜",0,"",0,0,1,0,0,"白色的面部配饰。","白框单眼镜"
66,398722,"单眼镜","ui/icon/200000/200026.tex",0,"灰框单眼镜",0,"",0,0,1,0,0,"灰色的面部配饰。","灰框单眼镜"
67,464258,"单眼镜","ui/icon/200000/200033.tex",0,"红框单眼镜",0,"",0,0,1,0,0,"红色的面部配饰。","红框单眼镜"
68,529794,"单眼镜","ui/icon/200000/200032.tex",0,"蓝框单眼镜",0,"",0,0,1,0,0,"蓝色的面部配饰。","蓝框单眼镜"
69,595330,"单眼镜","ui/icon/200000/200036.tex",0,"绿框单眼镜",0,"",0,0,1,0,0,"绿色的面部配饰。","绿框单眼镜"
70,660866,"单眼镜","ui/icon/200000/200027.tex",0,"铜框单眼镜",0,"",0,0,1,0,0,"铜色的面部配饰。","铜框单眼镜"
71,726402,"单眼镜","ui/icon/200000/200031.tex",0,"紫框单眼镜",0,"",0,0,1,0,0,"紫色的面部配饰。","紫框单眼镜"
72,791938,"单眼镜","ui/icon/200000/200034.tex",0,"棕框单眼镜",0,"",0,0,1,0,0,"棕色的面部配饰。","棕框单眼镜"
73,71043,"现代鼻眼镜","ui/icon/200000/200037.tex",0,"现代鼻眼镜",0,"",0,0,1,0,0,"基础色的面部配饰。","现代鼻眼镜"
74,136579,"现代鼻眼镜","ui/icon/200000/200041.tex",0,"银框现代鼻眼镜",0,"",0,0,1,0,0,"银色的面部配饰。","银框现代鼻眼镜"
75,202115,"现代鼻眼镜","ui/icon/200000/200040.tex",0,"金框现代鼻眼镜",0,"",0,0,1,0,0,"金色的面部配饰。","金框现代鼻眼镜"
76,267651,"现代鼻眼镜","ui/icon/200000/200042.tex",0,"黑框现代鼻眼镜",0,"",0,0,1,0,0,"黑色的面部配饰。","黑框现代鼻眼镜"
77,333187,"现代鼻眼镜","ui/icon/200000/200047.tex",0,"白框现代鼻眼镜",0,"",0,0,1,0,0,"白色的面部配饰。","白框现代鼻眼镜"
78,398723,"现代鼻眼镜","ui/icon/200000/200038.tex",0,"灰框现代鼻眼镜",0,"",0,0,1,0,0,"灰色的面部配饰。","灰框现代鼻眼镜"
79,464259,"现代鼻眼镜","ui/icon/200000/200045.tex",0,"红框现代鼻眼镜",0,"",0,0,1,0,0,"红色的面部配饰。","红框现代鼻眼镜"
80,529795,"现代鼻眼镜","ui/icon/200000/200044.tex",0,"蓝框现代鼻眼镜",0,"",0,0,1,0,0,"蓝色的面部配饰。","蓝框现代鼻眼镜"
81,595331,"现代鼻眼镜","ui/icon/200000/200048.tex",0,"绿框现代鼻眼镜",0,"",0,0,1,0,0,"绿色的面部配饰。","绿框现代鼻眼镜"
82,660867,"现代鼻眼镜","ui/icon/200000/200039.tex",0,"铜框现代鼻眼镜",0,"",0,0,1,0,0,"铜色的面部配饰。","铜框现代鼻眼镜"
83,726403,"现代鼻眼镜","ui/icon/200000/200043.tex",0,"紫框现代鼻眼镜",0,"",0,0,1,0,0,"紫色的面部配饰。","紫框现代鼻眼镜"
84,791939,"现代鼻眼镜","ui/icon/200000/200046.tex",0,"棕框现代鼻眼镜",0,"",0,0,1,0,0,"棕色的面部配饰。","棕框现代鼻眼镜"
85,71044,"无框眼镜","ui/icon/200000/200097.tex",0,"无框眼镜",0,"",0,0,1,0,0,"基础色的面部配饰。","无框眼镜"
86,136580,"无框眼镜","ui/icon/200000/200101.tex",0,"银色无框眼镜",0,"",0,0,1,0,0,"银色的面部配饰。","银色无框眼镜"
87,202116,"无框眼镜","ui/icon/200000/200100.tex",0,"金色无框眼镜",0,"",0,0,1,0,0,"金色的面部配饰。","金色无框眼镜"
88,267652,"无框眼镜","ui/icon/200000/200102.tex",0,"黑色无框眼镜",0,"",0,0,1,0,0,"黑色的面部配饰。","黑色无框眼镜"
89,333188,"无框眼镜","ui/icon/200000/200107.tex",0,"白色无框眼镜",0,"",0,0,1,0,0,"白色的面部配饰。","白色无框眼镜"
90,398724,"无框眼镜","ui/icon/200000/200098.tex",0,"灰色无框眼镜",0,"",0,0,1,0,0,"灰色的面部配饰。","灰色无框眼镜"
91,464260,"无框眼镜","ui/icon/200000/200105.tex",0,"红色无框眼镜",0,"",0,0,1,0,0,"红色的面部配饰。","红色无框眼镜"
92,529796,"无框眼镜","ui/icon/200000/200104.tex",0,"蓝色无框眼镜",0,"",0,0,1,0,0,"蓝色的面部配饰。","蓝色无框眼镜"
93,595332,"无框眼镜","ui/icon/200000/200108.tex",0,"绿色无框眼镜",0,"",0,0,1,0,0,"绿色的面部配饰。","绿色无框眼镜"
94,660868,"无框眼镜","ui/icon/200000/200099.tex",0,"铜色无框眼镜",0,"",0,0,1,0,0,"铜色的面部配饰。","铜色无框眼镜"
95,726404,"无框眼镜","ui/icon/200000/200103.tex",0,"紫色无框眼镜",0,"",0,0,1,0,0,"紫色的面部配饰。","紫色无框眼镜"
96,791940,"无框眼镜","ui/icon/200000/200106.tex",0,"棕色无框眼镜",0,"",0,0,1,0,0,"棕色的面部配饰。","棕色无框眼镜"
97,71045,"粗框眼镜","ui/icon/200000/200109.tex",0,"粗框眼镜",0,"",0,0,1,0,0,"基础色的面部配饰。","粗框眼镜"
98,136581,"粗框眼镜","ui/icon/200000/200113.tex",0,"银色粗框眼镜",0,"",0,0,1,0,0,"银色的面部配饰。","银色粗框眼镜"
99,202117,"粗框眼镜","ui/icon/200000/200112.tex",0,"金色粗框眼镜",0,"",0,0,1,0,0,"金色的面部配饰。","金色粗框眼镜"
100,267653,"粗框眼镜","ui/icon/200000/200114.tex",0,"黑色粗框眼镜",0,"",0,0,1,0,0,"黑色的面部配饰。","黑色粗框眼镜"
101,333189,"粗框眼镜","ui/icon/200000/200119.tex",0,"白色粗框眼镜",0,"",0,0,1,0,0,"白色的面部配饰。","白色粗框眼镜"
102,398725,"粗框眼镜","ui/icon/200000/200110.tex",0,"灰色粗框眼镜",0,"",0,0,1,0,0,"灰色的面部配饰。","灰色粗框眼镜"
103,464261,"粗框眼镜","ui/icon/200000/200117.tex",0,"红色粗框眼镜",0,"",0,0,1,0,0,"红色的面部配饰。","红色粗框眼镜"
104,529797,"粗框眼镜","ui/icon/200000/200116.tex",0,"蓝色粗框眼镜",0,"",0,0,1,0,0,"蓝色的面部配饰。","蓝色粗框眼镜"
105,595333,"粗框眼镜","ui/icon/200000/200120.tex",0,"绿色粗框眼镜",0,"",0,0,1,0,0,"绿色的面部配饰。","绿色粗框眼镜"
106,660869,"粗框眼镜","ui/icon/200000/200111.tex",0,"铜色粗框眼镜",0,"",0,0,1,0,0,"铜色的面部配饰。","铜色粗框眼镜"
107,726405,"粗框眼镜","ui/icon/200000/200115.tex",0,"紫色粗框眼镜",0,"",0,0,1,0,0,"紫色的面部配饰。","紫色粗框眼镜"
108,791941,"粗框眼镜","ui/icon/200000/200118.tex",0,"棕色粗框眼镜",0,"",0,0,1,0,0,"棕色的面部配饰。","棕色粗框眼镜"
109,71046,"艺术眼镜","ui/icon/200000/200073.tex",0,"艺术眼镜",0,"",0,0,1,0,0,"基础色的面部配饰。","艺术眼镜"
110,136582,"艺术眼镜","ui/icon/200000/200077.tex",0,"银框艺术眼镜",0,"",0,0,1,0,0,"银色的面部配饰。","银框艺术眼镜"
111,202118,"艺术眼镜","ui/icon/200000/200076.tex",0,"金框艺术眼镜",0,"",0,0,1,0,0,"金色的面部配饰。","金框艺术眼镜"
112,267654,"艺术眼镜","ui/icon/200000/200078.tex",0,"黑框艺术眼镜",0,"",0,0,1,0,0,"黑色的面部配饰。","黑框艺术眼镜"
113,333190,"艺术眼镜","ui/icon/200000/200083.tex",0,"白框艺术眼镜",0,"",0,0,1,0,0,"白色的面部配饰。","白框艺术眼镜"
114,398726,"艺术眼镜","ui/icon/200000/200074.tex",0,"灰框艺术眼镜",0,"",0,0,1,0,0,"灰色的面部配饰。","灰框艺术眼镜"
115,464262,"艺术眼镜","ui/icon/200000/200081.tex",0,"红框艺术眼镜",0,"",0,0,1,0,0,"红色的面部配饰。","红框艺术眼镜"
116,529798,"艺术眼镜","ui/icon/200000/200080.tex",0,"蓝框艺术眼镜",0,"",0,0,1,0,0,"蓝色的面部配饰。","蓝框艺术眼镜"
117,595334,"艺术眼镜","ui/icon/200000/200084.tex",0,"绿框艺术眼镜",0,"",0,0,1,0,0,"绿色的面部配饰。","绿框艺术眼镜"
118,660870,"艺术眼镜","ui/icon/200000/200075.tex",0,"铜框艺术眼镜",0,"",0,0,1,0,0,"铜色的面部配饰。","铜框艺术眼镜"
119,726406,"艺术眼镜","ui/icon/200000/200079.tex",0,"紫框艺术眼镜",0,"",0,0,1,0,0,"紫色的面部配饰。","紫框艺术眼镜"
120,791942,"艺术眼镜","ui/icon/200000/200082.tex",0,"棕框艺术眼镜",0,"",0,0,1,0,0,"棕色的面部配饰。","棕框艺术眼镜"
121,71047,"鼻眼镜","ui/icon/200000/200121.tex",0,"鼻眼镜",0,"",0,0,1,0,0,"基础色的面部配饰。","鼻眼镜"
122,136583,"鼻眼镜","ui/icon/200000/200122.tex",0,"银框鼻眼镜",0,"",0,0,1,0,0,"银色的面部配饰。","银框鼻眼镜"
123,202119,"鼻眼镜","ui/icon/200000/200123.tex",0,"金框鼻眼镜",0,"",0,0,1,0,0,"金色的面部配饰。","金框鼻眼镜"
124,267655,"鼻眼镜","ui/icon/200000/200124.tex",0,"黑框鼻眼镜",0,"",0,0,1,0,0,"黑色的面部配饰。","黑框鼻眼镜"
125,333191,"鼻眼镜","ui/icon/200000/200125.tex",0,"白框鼻眼镜",0,"",0,0,1,0,0,"白色的面部配饰。","白框鼻眼镜"
126,398727,"鼻眼镜","ui/icon/200000/200126.tex",0,"灰框鼻眼镜",0,"",0,0,1,0,0,"灰色的面部配饰。","灰框鼻眼镜"
127,464263,"鼻眼镜","ui/icon/200000/200127.tex",0,"红框鼻眼镜",0,"",0,0,1,0,0,"红色的面部配饰。","红框鼻眼镜"
128,529799,"鼻眼镜","ui/icon/200000/200128.tex",0,"蓝框鼻眼镜",0,"",0,0,1,0,0,"蓝色的面部配饰。","蓝框鼻眼镜"
129,595335,"鼻眼镜","ui/icon/200000/200129.tex",0,"绿框鼻眼镜",0,"",0,0,1,0,0,"绿色的面部配饰。","绿框鼻眼镜"
130,660871,"鼻眼镜","ui/icon/200000/200130.tex",0,"铜框鼻眼镜",0,"",0,0,1,0,0,"铜色的面部配饰。","铜框鼻眼镜"
131,726407,"鼻眼镜","ui/icon/200000/200131.tex",0,"紫框鼻眼镜",0,"",0,0,1,0,0,"紫色的面部配饰。","紫框鼻眼镜"
132,791943,"鼻眼镜","ui/icon/200000/200132.tex",0,"棕框鼻眼镜",0,"",0,0,1,0,0,"棕色的面部配饰。","棕框鼻眼镜"
133,71048,"作业眼镜","ui/icon/200000/200133.tex",0,"作业眼镜",0,"",0,0,1,0,0,"基础色的面部配饰。","作业眼镜"
134,136584,"作业眼镜","ui/icon/200000/200134.tex",0,"银框作业眼镜",0,"",0,0,1,0,0,"银色的面部配饰。","银框作业眼镜"
135,202120,"作业眼镜","ui/icon/200000/200135.tex",0,"金框作业眼镜",0,"",0,0,1,0,0,"金色的面部配饰。","金框作业眼镜"
136,267656,"作业眼镜","ui/icon/200000/200136.tex",0,"黑框作业眼镜",0,"",0,0,1,0,0,"黑色的面部配饰。","黑框作业眼镜"
137,333192,"作业眼镜","ui/icon/200000/200137.tex",0,"白框作业眼镜",0,"",0,0,1,0,0,"白色的面部配饰。","白框作业眼镜"
138,398728,"作业眼镜","ui/icon/200000/200138.tex",0,"灰框作业眼镜",0,"",0,0,1,0,0,"灰色的面部配饰。","灰框作业眼镜"
139,464264,"作业眼镜","ui/icon/200000/200139.tex",0,"红框作业眼镜",0,"",0,0,1,0,0,"红色的面部配饰。","红框作业眼镜"
140,529800,"作业眼镜","ui/icon/200000/200140.tex",0,"蓝框作业眼镜",0,"",0,0,1,0,0,"蓝色的面部配饰。","蓝框作业眼镜"
141,595336,"作业眼镜","ui/icon/200000/200141.tex",0,"绿框作业眼镜",0,"",0,0,1,0,0,"绿色的面部配饰。","绿框作业眼镜"
142,660872,"作业眼镜","ui/icon/200000/200142.tex",0,"铜框作业眼镜",0,"",0,0,1,0,0,"铜色的面部配饰。","铜框作业眼镜"
143,726408,"作业眼镜","ui/icon/200000/200143.tex",0,"紫框作业眼镜",0,"",0,0,1,0,0,"紫色的面部配饰。","紫框作业眼镜"
144,791944,"作业眼镜","ui/icon/200000/200144.tex",0,"棕框作业眼镜",0,"",0,0,1,0,0,"棕色的面部配饰。","棕框作业眼镜"
145,71049,"黄铜护目镜","ui/icon/200000/200145.tex",0,"黄铜护目镜",0,"",0,0,1,0,0,"基础色的面部配饰。","黄铜护目镜"
146,136585,"黄铜护目镜","ui/icon/200000/200146.tex",0,"银框黄铜护目镜",0,"",0,0,1,0,0,"银色的面部配饰。","银框黄铜护目镜"
147,202121,"黄铜护目镜","ui/icon/200000/200147.tex",0,"金框黄铜护目镜",0,"",0,0,1,0,0,"金色的面部配饰。","金框黄铜护目镜"
148,267657,"黄铜护目镜","ui/icon/200000/200148.tex",0,"黑框黄铜护目镜",0,"",0,0,1,0,0,"黑色的面部配饰。","黑框黄铜护目镜"
149,333193,"黄铜护目镜","ui/icon/200000/200149.tex",0,"白框黄铜护目镜",0,"",0,0,1,0,0,"白色的面部配饰。","白框黄铜护目镜"
150,398729,"黄铜护目镜","ui/icon/200000/200150.tex",0,"灰框黄铜护目镜",0,"",0,0,1,0,0,"灰色的面部配饰。","灰框黄铜护目镜"
151,464265,"黄铜护目镜","ui/icon/200000/200151.tex",0,"红框黄铜护目镜",0,"",0,0,1,0,0,"红色的面部配饰。","红框黄铜护目镜"
152,529801,"黄铜护目镜","ui/icon/200000/200152.tex",0,"蓝框黄铜护目镜",0,"",0,0,1,0,0,"蓝色的面部配饰。","蓝框黄铜护目镜"
153,595337,"黄铜护目镜","ui/icon/200000/200153.tex",0,"绿框黄铜护目镜",0,"",0,0,1,0,0,"绿色的面部配饰。","绿框黄铜护目镜"
154,660873,"黄铜护目镜","ui/icon/200000/200154.tex",0,"铜框黄铜护目镜",0,"",0,0,1,0,0,"铜色的面部配饰。","铜框黄铜护目镜"
155,726409,"黄铜护目镜","ui/icon/200000/200155.tex",0,"紫框黄铜护目镜",0,"",0,0,1,0,0,"紫色的面部配饰。","紫框黄铜护目镜"
156,791945,"黄铜护目镜","ui/icon/200000/200156.tex",0,"棕框黄铜护目镜",0,"",0,0,1,0,0,"棕色的面部配饰。","棕框黄铜护目镜"
157,71050,"下框眼镜","ui/icon/200000/200157.tex",0,"下框眼镜",0,"",0,0,1,0,0,"基础色的面部配饰。","下框眼镜"
158,136586,"下框眼镜","ui/icon/200000/200158.tex",0,"银框下框眼镜",0,"",0,0,1,0,0,"银色的面部配饰。","银框下框眼镜"
159,202122,"下框眼镜","ui/icon/200000/200159.tex",0,"金框下框眼镜",0,"",0,0,1,0,0,"金色的面部配饰。","金框下框眼镜"
160,267658,"下框眼镜","ui/icon/200000/200160.tex",0,"黑框下框眼镜",0,"",0,0,1,0,0,"黑色的面部配饰。","黑框下框眼镜"
161,333194,"下框眼镜","ui/icon/200000/200161.tex",0,"白框下框眼镜",0,"",0,0,1,0,0,"白色的面部配饰。","白框下框眼镜"
162,398730,"下框眼镜","ui/icon/200000/200162.tex",0,"灰框下框眼镜",0,"",0,0,1,0,0,"灰色的面部配饰。","灰框下框眼镜"
163,464266,"下框眼镜","ui/icon/200000/200163.tex",0,"红框下框眼镜",0,"",0,0,1,0,0,"红色的面部配饰。","红框下框眼镜"
164,529802,"下框眼镜","ui/icon/200000/200164.tex",0,"蓝框下框眼镜",0,"",0,0,1,0,0,"蓝色的面部配饰。","蓝框下框眼镜"
165,595338,"下框眼镜","ui/icon/200000/200165.tex",0,"绿框下框眼镜",0,"",0,0,1,0,0,"绿色的面部配饰。","绿框下框眼镜"
166,660874,"下框眼镜","ui/icon/200000/200166.tex",0,"铜框下框眼镜",0,"",0,0,1,0,0,"铜色的面部配饰。","铜框下框眼镜"
167,726410,"下框眼镜","ui/icon/200000/200167.tex",0,"紫框下框眼镜",0,"",0,0,1,0,0,"紫色的面部配饰。","紫框下框眼镜"
168,791946,"下框眼镜","ui/icon/200000/200168.tex",0,"棕框下框眼镜",0,"",0,0,1,0,0,"棕色的面部配饰。","棕框下框眼镜"
169,71051,"椭圆读书眼镜","ui/icon/200000/200169.tex",0,"椭圆读书眼镜",0,"",0,0,1,0,0,"基础色的面部配饰。","椭圆读书眼镜"
170,136587,"椭圆读书眼镜","ui/icon/200000/200170.tex",0,"银框椭圆读书眼镜",0,"",0,0,1,0,0,"银色的面部配饰。","银框椭圆读书眼镜"
171,202123,"椭圆读书眼镜","ui/icon/200000/200171.tex",0,"金框椭圆读书眼镜",0,"",0,0,1,0,0,"金色的面部配饰。","金框椭圆读书眼镜"
172,267659,"椭圆读书眼镜","ui/icon/200000/200172.tex",0,"黑框椭圆读书眼镜",0,"",0,0,1,0,0,"黑色的面部配饰。","黑框椭圆读书眼镜"
173,333195,"椭圆读书眼镜","ui/icon/200000/200173.tex",0,"白框椭圆读书眼镜",0,"",0,0,1,0,0,"白色的面部配饰。","白框椭圆读书眼镜"
174,398731,"椭圆读书眼镜","ui/icon/200000/200174.tex",0,"灰框椭圆读书眼镜",0,"",0,0,1,0,0,"灰色的面部配饰。","灰框椭圆读书眼镜"
175,464267,"椭圆读书眼镜","ui/icon/200000/200175.tex",0,"红框椭圆读书眼镜",0,"",0,0,1,0,0,"红色的面部配饰。","红框椭圆读书眼镜"
176,529803,"椭圆读书眼镜","ui/icon/200000/200176.tex",0,"蓝框椭圆读书眼镜",0,"",0,0,1,0,0,"蓝色的面部配饰。","蓝框椭圆读书眼镜"
177,595339,"椭圆读书眼镜","ui/icon/200000/200177.tex",0,"绿框椭圆读书眼镜",0,"",0,0,1,0,0,"绿色的面部配饰。","绿框椭圆读书眼镜"
178,660875,"椭圆读书眼镜","ui/icon/200000/200178.tex",0,"铜框椭圆读书眼镜",0,"",0,0,1,0,0,"铜色的面部配饰。","铜框椭圆读书眼镜"
179,726411,"椭圆读书眼镜","ui/icon/200000/200179.tex",0,"紫框椭圆读书眼镜",0,"",0,0,1,0,0,"紫色的面部配饰。","紫框椭圆读书眼镜"
180,791947,"椭圆读书眼镜","ui/icon/200000/200180.tex",0,"棕框椭圆读书眼镜",0,"",0,0,1,0,0,"棕色的面部配饰。","棕框椭圆读书眼镜"
181,71052,"典雅无框眼镜","ui/icon/200000/200181.tex",0,"典雅无框眼镜",0,"",0,0,1,0,0,"基础色的面部配饰。","典雅无框眼镜"
182,136588,"典雅无框眼镜","ui/icon/200000/200182.tex",0,"银框典雅无框眼镜",0,"",0,0,1,0,0,"银色的面部配饰。","银框典雅无框眼镜"
183,202124,"典雅无框眼镜","ui/icon/200000/200183.tex",0,"金框典雅无框眼镜",0,"",0,0,1,0,0,"金色的面部配饰。","金框典雅无框眼镜"
184,267660,"典雅无框眼镜","ui/icon/200000/200184.tex",0,"黑框典雅无框眼镜",0,"",0,0,1,0,0,"黑色的面部配饰。","黑框典雅无框眼镜"
185,333196,"典雅无框眼镜","ui/icon/200000/200185.tex",0,"白框典雅无框眼镜",0,"",0,0,1,0,0,"白色的面部配饰。","白框典雅无框眼镜"
186,398732,"典雅无框眼镜","ui/icon/200000/200186.tex",0,"灰框典雅无框眼镜",0,"",0,0,1,0,0,"灰色的面部配饰。","灰框典雅无框眼镜"
187,464268,"典雅无框眼镜","ui/icon/200000/200187.tex",0,"红框典雅无框眼镜",0,"",0,0,1,0,0,"红色的面部配饰。","红框典雅无框眼镜"
188,529804,"典雅无框眼镜","ui/icon/200000/200188.tex",0,"蓝框典雅无框眼镜",0,"",0,0,1,0,0,"蓝色的面部配饰。","蓝框典雅无框眼镜"
189,595340,"典雅无框眼镜","ui/icon/200000/200189.tex",0,"绿框典雅无框眼镜",0,"",0,0,1,0,0,"绿色的面部配饰。","绿框典雅无框眼镜"
190,660876,"典雅无框眼镜","ui/icon/200000/200190.tex",0,"铜框典雅无框眼镜",0,"",0,0,1,0,0,"铜色的面部配饰。","铜框典雅无框眼镜"
191,726412,"典雅无框眼镜","ui/icon/200000/200191.tex",0,"紫框典雅无框眼镜",0,"",0,0,1,0,0,"紫色的面部配饰。","紫框典雅无框眼镜"
192,791948,"典雅无框眼镜","ui/icon/200000/200192.tex",0,"棕框典雅无框眼镜",0,"",0,0,1,0,0,"棕色的面部配饰。","棕框典雅无框眼镜"
193,71053,"猫眼眼镜","ui/icon/200000/200193.tex",0,"猫眼眼镜",0,"",0,0,1,0,0,"基础色的面部配饰。","猫眼眼镜"
194,136589,"猫眼眼镜","ui/icon/200000/200194.tex",0,"银框猫眼眼镜",0,"",0,0,1,0,0,"银色的面部配饰。","银框猫眼眼镜"
195,202125,"猫眼眼镜","ui/icon/200000/200195.tex",0,"金框猫眼眼镜",0,"",0,0,1,0,0,"金色的面部配饰。","金框猫眼眼镜"
196,267661,"猫眼眼镜","ui/icon/200000/200196.tex",0,"黑框猫眼眼镜",0,"",0,0,1,0,0,"黑色的面部配饰。","黑框猫眼眼镜"
197,333197,"猫眼眼镜","ui/icon/200000/200197.tex",0,"白框猫眼眼镜",0,"",0,0,1,0,0,"白色的面部配饰。","白框猫眼眼镜"
198,398733,"猫眼眼镜","ui/icon/200000/200198.tex",0,"灰框猫眼眼镜",0,"",0,0,1,0,0,"灰色的面部配饰。","灰框猫眼眼镜"
199,464269,"猫眼眼镜","ui/icon/200000/200199.tex",0,"红框猫眼眼镜",0,"",0,0,1,0,0,"红色的面部配饰。","红框猫眼眼镜"
200,529805,"猫眼眼镜","ui/icon/200000/200200.tex",0,"蓝框猫眼眼镜",0,"",0,0,1,0,0,"蓝色的面部配饰。","蓝框猫眼眼镜"
201,595341,"猫眼眼镜","ui/icon/200000/200201.tex",0,"绿框猫眼眼镜",0,"",0,0,1,0,0,"绿色的面部配饰。","绿框猫眼眼镜"
202,660877,"猫眼眼镜","ui/icon/200000/200202.tex",0,"铜框猫眼眼镜",0,"",0,0,1,0,0,"铜色的面部配饰。","铜框猫眼眼镜"
203,726413,"猫眼眼镜","ui/icon/200000/200203.tex",0,"紫框猫眼眼镜",0,"",0,0,1,0,0,"紫色的面部配饰。","紫框猫眼眼镜"
204,791949,"猫眼眼镜","ui/icon/200000/200204.tex",0,"棕框猫眼眼镜",0,"",0,0,1,0,0,"棕色的面部配饰。","棕框猫眼眼镜"
205,71054,"窄框眼镜","ui/icon/200000/200205.tex",0,"窄框眼镜",0,"",0,0,1,0,0,"基础色的面部配饰。","窄框眼镜"
206,136590,"窄框眼镜","ui/icon/200000/200206.tex",0,"银框窄框眼镜",0,"",0,0,1,0,0,"银色的面部配饰。","银框窄框眼镜"
207,202126,"窄框眼镜","ui/icon/200000/200207.tex",0,"金框窄框眼镜",0,"",0,0,1,0,0,"金色的面部配饰。","金框窄框眼镜"
208,267662,"窄框眼镜","ui/icon/200000/200208.tex",0,"黑框窄框眼镜",0,"",0,0,1,0,0,"黑色的面部配饰。","黑框窄框眼镜"
209,333198,"窄框眼镜","ui/icon/200000/200209.tex",0,"白框窄框眼镜",0,"",0,0,1,0,0,"白色的面部配饰。","白框窄框眼镜"
210,398734,"窄框眼镜","ui/icon/200000/200210.tex",0,"灰框窄框眼镜",0,"",0,0,1,0,0,"灰色的面部配饰。","灰框窄框眼镜"
211,464270,"窄框眼镜","ui/icon/200000/200211.tex",0,"红框窄框眼镜",0,"",0,0,1,0,0,"红色的面部配饰。","红框窄框眼镜"
212,529806,"窄框眼镜","ui/icon/200000/200212.tex",0,"蓝框窄框眼镜",0,"",0,0,1,0,0,"蓝色的面部配饰。","蓝框窄框眼镜"
213,595342,"窄框眼镜","ui/icon/200000/200213.tex",0,"绿框窄框眼镜",0,"",0,0,1,0,0,"绿色的面部配饰。","绿框窄框眼镜"
214,660878,"窄框眼镜","ui/icon/200000/200214.tex",0,"铜框窄框眼镜",0,"",0,0,1,0,0,"铜色的面部配饰。","铜框窄框眼镜"
215,726414,"窄框眼镜","ui/icon/200000/200215.tex",0,"紫框窄框眼镜",0,"",0,0,1,0,0,"紫色的面部配饰。","紫框窄框眼镜"
216,791950,"窄框眼镜","ui/icon/200000/200216.tex",0,"棕框窄框眼镜",0,"",0,0,1,0,0,"棕色的面部配饰。","棕框窄框眼镜"
217,71055,"彩色护目镜","ui/icon/200000/200217.tex",0,"彩色护目镜",0,"",0,0,1,0,0,"基础色的面部配饰。","彩色护目镜"
218,136591,"彩色护目镜","ui/icon/200000/200218.tex",0,"银框彩色护目镜",0,"",0,0,1,0,0,"银色的面部配饰。","银框彩色护目镜"
219,202127,"彩色护目镜","ui/icon/200000/200219.tex",0,"金框彩色护目镜",0,"",0,0,1,0,0,"金色的面部配饰。","金框彩色护目镜"
220,267663,"彩色护目镜","ui/icon/200000/200220.tex",0,"黑框彩色护目镜",0,"",0,0,1,0,0,"黑色的面部配饰。","黑框彩色护目镜"
221,333199,"彩色护目镜","ui/icon/200000/200221.tex",0,"白框彩色护目镜",0,"",0,0,1,0,0,"白色的面部配饰。","白框彩色护目镜"
222,398735,"彩色护目镜","ui/icon/200000/200222.tex",0,"灰框彩色护目镜",0,"",0,0,1,0,0,"灰色的面部配饰。","灰框彩色护目镜"
223,464271,"彩色护目镜","ui/icon/200000/200223.tex",0,"红框彩色护目镜",0,"",0,0,1,0,0,"红色的面部配饰。","红框彩色护目镜"
224,529807,"彩色护目镜","ui/icon/200000/200224.tex",0,"蓝框彩色护目镜",0,"",0,0,1,0,0,"蓝色的面部配饰。","蓝框彩色护目镜"
225,595343,"彩色护目镜","ui/icon/200000/200225.tex",0,"绿框彩色护目镜",0,"",0,0,1,0,0,"绿色的面部配饰。","绿框彩色护目镜"
226,660879,"彩色护目镜","ui/icon/200000/200226.tex",0,"铜框彩色护目镜",0,"",0,0,1,0,0,"铜色的面部配饰。","铜框彩色护目镜"
227,726415,"彩色护目镜","ui/icon/200000/200227.tex",0,"紫框彩色护目镜",0,"",0,0,1,0,0,"紫色的面部配饰。","紫框彩色护目镜"
228,791951,"彩色护目镜","ui/icon/200000/200228.tex",0,"棕框彩色护目镜",0,"",0,0,1,0,0,"棕色的面部配饰。","棕框彩色护目镜"
229,71056,"左侧眼罩","ui/icon/200000/200229.tex",0,"左侧眼罩",0,"",0,0,1,0,0,"基础色的面部配饰。","左侧眼罩"
230,136592,"左侧眼罩","ui/icon/200000/200230.tex",0,"银色左侧眼罩",0,"",0,0,1,0,0,"银色的面部配饰。","银色左侧眼罩"
231,202128,"左侧眼罩","ui/icon/200000/200231.tex",0,"金色左侧眼罩",0,"",0,0,1,0,0,"金色的面部配饰。","金色左侧眼罩"
232,267664,"左侧眼罩","ui/icon/200000/200232.tex",0,"黑色左侧眼罩",0,"",0,0,1,0,0,"黑色的面部配饰。","黑色左侧眼罩"
233,333200,"左侧眼罩","ui/icon/200000/200233.tex",0,"白色左侧眼罩",0,"",0,0,1,0,0,"白色的面部配饰。","白色左侧眼罩"
234,398736,"左侧眼罩","ui/icon/200000/200234.tex",0,"灰色左侧眼罩",0,"",0,0,1,0,0,"灰色的面部配饰。","灰色左侧眼罩"
235,464272,"左侧眼罩","ui/icon/200000/200235.tex",0,"红色左侧眼罩",0,"",0,0,1,0,0,"红色的面部配饰。","红色左侧眼罩"
236,529808,"左侧眼罩","ui/icon/200000/200236.tex",0,"蓝色左侧眼罩",0,"",0,0,1,0,0,"蓝色的面部配饰。","蓝色左侧眼罩"
237,595344,"左侧眼罩","ui/icon/200000/200237.tex",0,"绿色左侧眼罩",0,"",0,0,1,0,0,"绿色的面部配饰。","绿色左侧眼罩"
238,660880,"左侧眼罩","ui/icon/200000/200238.tex",0,"铜色左侧眼罩",0,"",0,0,1,0,0,"铜色的面部配饰。","铜色左侧眼罩"
239,726416,"左侧眼罩","ui/icon/200000/200239.tex",0,"紫色左侧眼罩",0,"",0,0,1,0,0,"紫色的面部配饰。","紫色左侧眼罩"
240,791952,"左侧眼罩","ui/icon/200000/200240.tex",0,"棕色左侧眼罩",0,"",0,0,1,0,0,"棕色的面部配饰。","棕色左侧眼罩"
241,71057,"右侧眼罩","ui/icon/200000/200241.tex",0,"右侧眼罩",0,"",0,0,1,0,0,"基础色的面部配饰。","右侧眼罩"
242,136593,"右侧眼罩","ui/icon/200000/200242.tex",0,"银色右侧眼罩",0,"",0,0,1,0,0,"银色的面部配饰。","银色右侧眼罩"
243,202129,"右侧眼罩","ui/icon/200000/200243.tex",0,"金色右侧眼罩",0,"",0,0,1,0,0,"金色的面部配饰。","金色右侧眼罩"
244,267665,"右侧眼罩","ui/icon/200000/200244.tex",0,"黑色右侧眼罩",0,"",0,0,1,0,0,"黑色的面部配饰。","黑色右侧眼罩"
245,333201,"右侧眼罩","ui/icon/200000/200245.tex",0,"白色右侧眼罩",0,"",0,0,1,0,0,"白色的面部配饰。","白色右侧眼罩"
246,398737,"右侧眼罩","ui/icon/200000/200246.tex",0,"灰色右侧眼罩",0,"",0,0,1,0,0,"灰色的面部配饰。","灰色右侧眼罩"
247,464273,"右侧眼罩","ui/icon/200000/200247.tex",0,"红色右侧眼罩",0,"",0,0,1,0,0,"红色的面部配饰。","红色右侧眼罩"
248,529809,"右侧眼罩","ui/icon/200000/200248.tex",0,"蓝色右侧眼罩",0,"",0,0,1,0,0,"蓝色的面部配饰。","蓝色右侧眼罩"
249,595345,"右侧眼罩","ui/icon/200000/200249.tex",0,"绿色右侧眼罩",0,"",0,0,1,0,0,"绿色的面部配饰。","绿色右侧眼罩"
250,660881,"右侧眼罩","ui/icon/200000/200250.tex",0,"铜色右侧眼罩",0,"",0,0,1,0,0,"铜色的面部配饰。","铜色右侧眼罩"
251,726417,"右侧眼罩","ui/icon/200000/200251.tex",0,"紫色右侧眼罩",0,"",0,0,1,0,0,"紫色的面部配饰。","紫色右侧眼罩"
252,791953,"右侧眼罩","ui/icon/200000/200252.tex",0,"棕色右侧眼罩",0,"",0,0,1,0,0,"棕色的面部配饰。","棕色右侧眼罩"
253,71058,"左侧金属眼罩","ui/icon/200000/200253.tex",0,"左侧金属眼罩",0,"",0,0,1,0,0,"基础色的面部配饰。","左侧金属眼罩"
254,136594,"左侧金属眼罩","ui/icon/200000/200254.tex",0,"银色左侧金属眼罩",0,"",0,0,1,0,0,"银色的面部配饰。","银色左侧金属眼罩"
255,202130,"左侧金属眼罩","ui/icon/200000/200255.tex",0,"金色左侧金属眼罩",0,"",0,0,1,0,0,"金色的面部配饰。","金色左侧金属眼罩"
256,267666,"左侧金属眼罩","ui/icon/200000/200256.tex",0,"黑色左侧金属眼罩",0,"",0,0,1,0,0,"黑色的面部配饰。","黑色左侧金属眼罩"
257,333202,"左侧金属眼罩","ui/icon/200000/200257.tex",0,"白色左侧金属眼罩",0,"",0,0,1,0,0,"白色的面部配饰。","白色左侧金属眼罩"
258,398738,"左侧金属眼罩","ui/icon/200000/200258.tex",0,"灰色左侧金属眼罩",0,"",0,0,1,0,0,"灰色的面部配饰。","灰色左侧金属眼罩"
259,464274,"左侧金属眼罩","ui/icon/200000/200259.tex",0,"红色左侧金属眼罩",0,"",0,0,1,0,0,"红色的面部配饰。","红色左侧金属眼罩"
260,529810,"左侧金属眼罩","ui/icon/200000/200260.tex",0,"蓝色左侧金属眼罩",0,"",0,0,1,0,0,"蓝色的面部配饰。","蓝色左侧金属眼罩"
261,595346,"左侧金属眼罩","ui/icon/200000/200261.tex",0,"绿色左侧金属眼罩",0,"",0,0,1,0,0,"绿色的面部配饰。","绿色左侧金属眼罩"
262,660882,"左侧金属眼罩","ui/icon/200000/200262.tex",0,"铜色左侧金属眼罩",0,"",0,0,1,0,0,"铜色的面部配饰。","铜色左侧金属眼罩"
263,726418,"左侧金属眼罩","ui/icon/200000/200263.tex",0,"紫色左侧金属眼罩",0,"",0,0,1,0,0,"紫色的面部配饰。","紫色左侧金属眼罩"
264,791954,"左侧金属眼罩","ui/icon/200000/200264.tex",0,"棕色左侧金属眼罩",0,"",0,0,1,0,0,"棕色的面部配饰。","棕色左侧金属眼罩"
265,71059,"右侧金属眼罩","ui/icon/200000/200265.tex",0,"右侧金属眼罩",0,"",0,0,1,0,0,"基础色的面部配饰。","右侧金属眼罩"
266,136595,"右侧金属眼罩","ui/icon/200000/200266.tex",0,"银色右侧金属眼罩",0,"",0,0,1,0,0,"银色的面部配饰。","银色右侧金属眼罩"
267,202131,"右侧金属眼罩","ui/icon/200000/200267.tex",0,"金色右侧金属眼罩",0,"",0,0,1,0,0,"金色的面部配饰。","金色右侧金属眼罩"
268,267667,"右侧金属眼罩","ui/icon/200000/200268.tex",0,"黑色右侧金属眼罩",0,"",0,0,1,0,0,"黑色的面部配饰。","黑色右侧金属眼罩"
269,333203,"右侧金属眼罩","ui/icon/200000/200269.tex",0,"白色右侧金属眼罩",0,"",0,0,1,0,0,"白色的面部配饰。","白色右侧金属眼罩"
270,398739,"右侧金属眼罩","ui/icon/200000/200270.tex",0,"灰色右侧金属眼罩",0,"",0,0,1,0,0,"灰色的面部配饰。","灰色右侧金属眼罩"
271,464275,"右侧金属眼罩","ui/icon/200000/200271.tex",0,"红色右侧金属眼罩",0,"",0,0,1,0,0,"红色的面部配饰。","红色右侧金属眼罩"
272,529811,"右侧金属眼罩","ui/icon/200000/200272.tex",0,"蓝色右侧金属眼罩",0,"",0,0,1,0,0,"蓝色的面部配饰。","蓝色右侧金属眼罩"
273,595347,"右侧金属眼罩","ui/icon/200000/200273.tex",0,"绿色右侧金属眼罩",0,"",0,0,1,0,0,"绿色的面部配饰。","绿色右侧金属眼罩"
274,660883,"右侧金属眼罩","ui/icon/200000/200274.tex",0,"铜色右侧金属眼罩",0,"",0,0,1,0,0,"铜色的面部配饰。","铜色右侧金属眼罩"
275,726419,"右侧金属眼罩","ui/icon/200000/200275.tex",0,"紫色右侧金属眼罩",0,"",0,0,1,0,0,"紫色的面部配饰。","紫色右侧金属眼罩"
276,791955,"右侧金属眼罩","ui/icon/200000/200276.tex",0,"棕色右侧金属眼罩",0,"",0,0,1,0,0,"棕色的面部配饰。","棕色右侧金属眼罩"
277,71060,"豹目眼镜","ui/icon/200000/200277.tex",0,"豹目眼镜",0,"",0,0,1,0,0,"基础色的面部配饰。","豹目眼镜"
278,136596,"豹目眼镜","ui/icon/200000/200278.tex",0,"银框豹目眼镜",0,"",0,0,1,0,0,"银色的面部配饰。","银框豹目眼镜"
279,202132,"豹目眼镜","ui/icon/200000/200279.tex",0,"金框豹目眼镜",0,"",0,0,1,0,0,"金色的面部配饰。","金框豹目眼镜"
280,267668,"豹目眼镜","ui/icon/200000/200280.tex",0,"黑框豹目眼镜",0,"",0,0,1,0,0,"黑色的面部配饰。","黑框豹目眼镜"
281,333204,"豹目眼镜","ui/icon/200000/200281.tex",0,"白框豹目眼镜",0,"",0,0,1,0,0,"白色的面部配饰。","白框豹目眼镜"
282,398740,"豹目眼镜","ui/icon/200000/200282.tex",0,"灰框豹目眼镜",0,"",0,0,1,0,0,"灰色的面部配饰。","灰框豹目眼镜"
283,464276,"豹目眼镜","ui/icon/200000/200283.tex",0,"红框豹目眼镜",0,"",0,0,1,0,0,"红色的面部配饰。","红框豹目眼镜"
284,529812,"豹目眼镜","ui/icon/200000/200284.tex",0,"蓝框豹目眼镜",0,"",0,0,1,0,0,"蓝色的面部配饰。","蓝框豹目眼镜"
285,595348,"豹目眼镜","ui/icon/200000/200285.tex",0,"绿框豹目眼镜",0,"",0,0,1,0,0,"绿色的面部配饰。","绿框豹目眼镜"
286,660884,"豹目眼镜","ui/icon/200000/200286.tex",0,"铜框豹目眼镜",0,"",0,0,1,0,0,"铜色的面部配饰。","铜框豹目眼镜"
287,726420,"豹目眼镜","ui/icon/200000/200287.tex",0,"紫框豹目眼镜",0,"",0,0,1,0,0,"紫色的面部配饰。","紫框豹目眼镜"
288,791956,"豹目眼镜","ui/icon/200000/200288.tex",0,"棕框豹目眼镜",0,"",0,0,1,0,0,"棕色的面部配饰。","棕框豹目眼镜"
289,71061,"阅读眼镜","ui/icon/200000/200289.tex",0,"阅读眼镜",0,"",0,0,1,0,0,"基础色的面部配饰。","阅读眼镜"
290,136597,"阅读眼镜","ui/icon/200000/200290.tex",0,"银框阅读眼镜",0,"",0,0,1,0,0,"银色的面部配饰。","银框阅读眼镜"
291,202133,"阅读眼镜","ui/icon/200000/200291.tex",0,"金框阅读眼镜",0,"",0,0,1,0,0,"金色的面部配饰。","金框阅读眼镜"
292,267669,"阅读眼镜","ui/icon/200000/200292.tex",0,"黑框阅读眼镜",0,"",0,0,1,0,0,"黑色的面部配饰。","黑框阅读眼镜"
293,333205,"阅读眼镜","ui/icon/200000/200293.tex",0,"白框阅读眼镜",0,"",0,0,1,0,0,"白色的面部配饰。","白框阅读眼镜"
294,398741,"阅读眼镜","ui/icon/200000/200294.tex",0,"灰框阅读眼镜",0,"",0,0,1,0,0,"灰色的面部配饰。","灰框阅读眼镜"
295,464277,"阅读眼镜","ui/icon/200000/200295.tex",0,"红框阅读眼镜",0,"",0,0,1,0,0,"红色的面部配饰。","红框阅读眼镜"
296,529813,"阅读眼镜","ui/icon/200000/200296.tex",0,"蓝框阅读眼镜",0,"",0,0,1,0,0,"蓝色的面部配饰。","蓝框阅读眼镜"
297,595349,"阅读眼镜","ui/icon/200000/200297.tex",0,"绿框阅读眼镜",0,"",0,0,1,0,0,"绿色的面部配饰。","绿框阅读眼镜"
298,660885,"阅读眼镜","ui/icon/200000/200298.tex",0,"铜框阅读眼镜",0,"",0,0,1,0,0,"铜色的面部配饰。","铜框阅读眼镜"
299,726421,"阅读眼镜","ui/icon/200000/200299.tex",0,"紫框阅读眼镜",0,"",0,0,1,0,0,"紫色的面部配饰。","紫框阅读眼镜"
300,791957,"阅读眼镜","ui/icon/200000/200300.tex",0,"棕框阅读眼镜",0,"",0,0,1,0,0,"棕色的面部配饰。","棕框阅读眼镜"
301,71062,"淡色眼镜","ui/icon/200000/200301.tex",0,"淡色眼镜",0,"",0,0,1,0,0,"基础色的面部配饰。","淡色眼镜"
302,136598,"淡色眼镜","ui/icon/200000/200302.tex",0,"银框淡色眼镜",0,"",0,0,1,0,0,"银色的面部配饰。","银框淡色眼镜"
303,202134,"淡色眼镜","ui/icon/200000/200303.tex",0,"金框淡色眼镜",0,"",0,0,1,0,0,"金色的面部配饰。","金框淡色眼镜"
304,267670,"淡色眼镜","ui/icon/200000/200304.tex",0,"黑框淡色眼镜",0,"",0,0,1,0,0,"黑色的面部配饰。","黑框淡色眼镜"
305,333206,"淡色眼镜","ui/icon/200000/200305.tex",0,"白框淡色眼镜",0,"",0,0,1,0,0,"白色的面部配饰。","白框淡色眼镜"
306,398742,"淡色眼镜","ui/icon/200000/200306.tex",0,"灰框淡色眼镜",0,"",0,0,1,0,0,"灰色的面部配饰。","灰框淡色眼镜"
307,464278,"淡色眼镜","ui/icon/200000/200307.tex",0,"红框淡色眼镜",0,"",0,0,1,0,0,"红色的面部配饰。","红框淡色眼镜"
308,529814,"淡色眼镜","ui/icon/200000/200308.tex",0,"蓝框淡色眼镜",0,"",0,0,1,0,0,"蓝色的面部配饰。","蓝框淡色眼镜"
309,595350,"淡色眼镜","ui/icon/200000/200309.tex",0,"绿框淡色眼镜",0,"",0,0,1,0,0,"绿色的面部配饰。","绿框淡色眼镜"
310,660886,"淡色眼镜","ui/icon/200000/200310.tex",0,"铜框淡色眼镜",0,"",0,0,1,0,0,"铜色的面部配饰。","铜框淡色眼镜"
311,726422,"淡色眼镜","ui/icon/200000/200311.tex",0,"紫框淡色眼镜",0,"",0,0,1,0,0,"紫色的面部配饰。","紫框淡色眼镜"
312,791958,"淡色眼镜","ui/icon/200000/200312.tex",0,"棕框淡色眼镜",0,"",0,0,1,0,0,"棕色的面部配饰。","棕框淡色眼镜"
313,71063,"时髦眼镜","ui/icon/200000/200313.tex",0,"时髦眼镜",0,"",0,0,1,0,0,"基础色的面部配饰。","时髦眼镜"
314,136599,"时髦眼镜","ui/icon/200000/200314.tex",0,"银框时髦眼镜",0,"",0,0,1,0,0,"银色的面部配饰。","银框时髦眼镜"
315,202135,"时髦眼镜","ui/icon/200000/200315.tex",0,"金框时髦眼镜",0,"",0,0,1,0,0,"金色的面部配饰。","金框时髦眼镜"
316,267671,"时髦眼镜","ui/icon/200000/200316.tex",0,"黑框时髦眼镜",0,"",0,0,1,0,0,"黑色的面部配饰。","黑框时髦眼镜"
317,333207,"时髦眼镜","ui/icon/200000/200317.tex",0,"白框时髦眼镜",0,"",0,0,1,0,0,"白色的面部配饰。","白框时髦眼镜"
318,398743,"时髦眼镜","ui/icon/200000/200318.tex",0,"灰框时髦眼镜",0,"",0,0,1,0,0,"灰色的面部配饰。","灰框时髦眼镜"
319,464279,"时髦眼镜","ui/icon/200000/200319.tex",0,"红框时髦眼镜",0,"",0,0,1,0,0,"红色的面部配饰。","红框时髦眼镜"
320,529815,"时髦眼镜","ui/icon/200000/200320.tex",0,"蓝框时髦眼镜",0,"",0,0,1,0,0,"蓝色的面部配饰。","蓝框时髦眼镜"
321,595351,"时髦眼镜","ui/icon/200000/200321.tex",0,"绿框时髦眼镜",0,"",0,0,1,0,0,"绿色的面部配饰。","绿框时髦眼镜"
322,660887,"时髦眼镜","ui/icon/200000/200322.tex",0,"铜框时髦眼镜",0,"",0,0,1,0,0,"铜色的面部配饰。","铜框时髦眼镜"
323,726423,"时髦眼镜","ui/icon/200000/200323.tex",0,"紫框时髦眼镜",0,"",0,0,1,0,0,"紫色的面部配饰。","紫框时髦眼镜"
324,791959,"时髦眼镜","ui/icon/200000/200324.tex",0,"棕框时髦眼镜",0,"",0,0,1,0,0,"棕色的面部配饰。","棕框时髦眼镜"
325,0,"椭圆眼镜",,0,"",0,"",0,0,0,0,0,"",""
326,0,"椭圆眼镜",,0,"",0,"",0,0,0,0,0,"",""
327,0,"椭圆眼镜",,0,"",0,"",0,0,0,0,0,"",""
328,0,"椭圆眼镜",,0,"",0,"",0,0,0,0,0,"",""
329,0,"椭圆眼镜",,0,"",0,"",0,0,0,0,0,"",""
330,0,"椭圆眼镜",,0,"",0,"",0,0,0,0,0,"",""
331,0,"椭圆眼镜",,0,"",0,"",0,0,0,0,0,"",""
332,0,"椭圆眼镜",,0,"",0,"",0,0,0,0,0,"",""
333,0,"椭圆眼镜",,0,"",0,"",0,0,0,0,0,"",""
334,0,"椭圆眼镜",,0,"",0,"",0,0,0,0,0,"",""
335,0,"椭圆眼镜",,0,"",0,"",0,0,0,0,0,"",""
336,0,"椭圆眼镜",,0,"",0,"",0,0,0,0,0,"",""
